name,type_1,type_2,height,weight,hp,attack,defense,special-attack,special-defense,speed
bulbasaur,grass,poison,7,6.9,45,49,49,65,65,45
ivysaur,grass,poison,10,13.0,60,62,63,80,80,60
venusaur,grass,poison,20,100.0,80,82,83,100,100,80
charmander,fire,None,6,8.5,39,52,43,60,50,65
charmeleon,fire,None,11,19.0,58,64,58,80,65,80
charizard,fire,flying,17,90.5,78,84,78,109,85,100
squirtle,water,None,5,9.0,44,48,65,50,64,43
wartortle,water,None,10,22.5,59,63,80,65,80,58
blastoise,water,None,16,85.5,79,83,100,85,105,78
caterpie,bug,None,3,2.9,45,30,35,20,20,45
metapod,bug,None,7,9.9,50,20,55,25,25,30
butterfree,bug,flying,11,32.0,60,45,50,90,80,70
weedle,bug,poison,3,3.2,40,35,30,20,20,50
kakuna,bug,poison,6,10.0,45,25,50,25,25,35
beedrill,bug,poison,10,29.5,65,90,40,45,80,75
pidgey,normal,flying,3,1.8,40,45,40,35,35,56
pidgeotto,normal,flying,11,30.0,63,60,55,50,50,71
pidgeot,normal,flying,15,39.5,83,80,75,70,70,101
rattata,normal,None,3,3.5,30,56,35,25,35,72
raticate,normal,None,7,18.5,55,81,60,50,70,97
spearow,normal,flying,3,2.0,40,60,30,31,31,70
fearow,normal,flying,12,38.0,65,90,65,61,61,100
ekans,poison,None,20,6.9,35,60,44,40,54,55
arbok,poison,None,35,65.0,60,95,69,65,79,80
pikachu,electric,None,4,6.0,35,55,40,50,50,90
raichu,electric,None,8,30.0,60,90,55,90,80,110
sandshrew,ground,None,6,12.0,50,75,85,20,30,40
sandslash,ground,None,10,29.5,75,100,110,45,55,65
nidoran-f,poison,None,4,7.0,55,47,52,40,40,41
nidorina,poison,None,8,20.0,70,62,67,55,55,56
nidoqueen,poison,ground,13,60.0,90,92,87,75,85,76
nidoran-m,poison,None,5,9.0,46,57,40,40,40,50
nidorino,poison,None,9,19.5,61,72,57,55,55,65
nidoking,poison,ground,14,62.0,81,102,77,85,75,85
clefairy,fairy,None,6,7.5,70,45,48,60,65,35
clefable,fairy,None,13,40.0,95,70,73,95,90,60
vulpix,fire,None,6,9.9,38,41,40,50,65,65
ninetales,fire,None,11,19.9,73,76,75,81,100,100
jigglypuff,normal,fairy,5,5.5,115,45,20,45,25,20
wigglytuff,normal,fairy,10,12.0,140,70,45,85,50,45
zubat,poison,flying,8,7.5,40,45,35,30,40,55
golbat,poison,flying,16,55.0,75,80,70,65,75,90
oddish,grass,poison,5,5.4,45,50,55,75,65,30
gloom,grass,poison,8,8.6,60,65,70,85,75,40
vileplume,grass,poison,12,18.6,75,80,85,110,90,50
paras,bug,grass,3,5.4,35,70,55,45,55,25
parasect,bug,grass,10,29.5,60,95,80,60,80,30
venonat,bug,poison,10,30.0,60,55,50,40,55,45
venomoth,bug,poison,15,12.5,70,65,60,90,75,90
diglett,ground,None,2,0.8,10,55,25,35,45,95
dugtrio,ground,None,7,33.3,35,100,50,50,70,120
meowth,normal,None,4,4.2,40,45,35,40,40,90
persian,normal,None,10,32.0,65,70,60,65,65,115
psyduck,water,None,8,19.6,50,52,48,65,50,55
golduck,water,None,17,76.6,80,82,78,95,80,85
mankey,fighting,None,5,28.0,40,80,35,35,45,70
primeape,fighting,None,10,32.0,65,105,60,60,70,95
growlithe,fire,None,7,19.0,55,70,45,70,50,60
arcanine,fire,None,19,155.0,90,110,80,100,80,95
poliwag,water,None,6,12.4,40,50,40,40,40,90
poliwhirl,water,None,10,20.0,65,65,65,50,50,90
poliwrath,water,fighting,13,54.0,90,95,95,70,90,70
abra,psychic,None,9,19.5,25,20,15,105,55,90
kadabra,psychic,None,13,56.5,40,35,30,120,70,105
alakazam,psychic,None,15,48.0,55,50,45,135,95,120
machop,fighting,None,8,19.5,70,80,50,35,35,35
machoke,fighting,None,15,70.5,80,100,70,50,60,45
machamp,fighting,None,16,130.0,90,130,80,65,85,55
bellsprout,grass,poison,7,4.0,50,75,35,70,30,40
weepinbell,grass,poison,10,6.4,65,90,50,85,45,55
victreebel,grass,poison,17,15.5,80,105,65,100,70,70
tentacool,water,poison,9,45.5,40,40,35,50,100,70
tentacruel,water,poison,16,55.0,80,70,65,80,120,100
geodude,rock,ground,4,20.0,40,80,100,30,30,20
graveler,rock,ground,10,105.0,55,95,115,45,45,35
golem,rock,ground,14,300.0,80,120,130,55,65,45
ponyta,fire,None,10,30.0,50,85,55,65,65,90
rapidash,fire,None,17,95.0,65,100,70,80,80,105
slowpoke,water,psychic,12,36.0,90,65,65,40,40,15
slowbro,water,psychic,16,78.5,95,75,110,100,80,30
magnemite,electric,steel,3,6.0,25,35,70,95,55,45
magneton,electric,steel,10,60.0,50,60,95,120,70,70
farfetchd,normal,flying,8,15.0,52,90,55,58,62,60
doduo,normal,flying,14,39.2,35,85,45,35,35,75
dodrio,normal,flying,18,85.2,60,110,70,60,60,110
seel,water,None,11,90.0,65,45,55,45,70,45
dewgong,water,ice,17,120.0,90,70,80,70,95,70
grimer,poison,None,9,30.0,80,80,50,40,50,25
muk,poison,None,12,30.0,105,105,75,65,100,50
shellder,water,None,3,4.0,30,65,100,45,25,40
cloyster,water,ice,15,132.5,50,95,180,85,45,70
gastly,ghost,poison,13,0.1,30,35,30,100,35,80
haunter,ghost,poison,16,0.1,45,50,45,115,55,95
gengar,ghost,poison,15,40.5,60,65,60,130,75,110
onix,rock,ground,88,210.0,35,45,160,30,45,70
drowzee,psychic,None,10,32.4,60,48,45,43,90,42
hypno,psychic,None,16,75.6,85,73,70,73,115,67
krabby,water,None,4,6.5,30,105,90,25,25,50
kingler,water,None,13,60.0,55,130,115,50,50,75
voltorb,electric,None,5,10.4,40,30,50,55,55,100
electrode,electric,None,12,66.6,60,50,70,80,80,150
exeggcute,grass,psychic,4,2.5,60,40,80,60,45,40
exeggutor,grass,psychic,20,120.0,95,95,85,125,75,55
cubone,ground,None,4,6.5,50,50,95,40,50,35
marowak,ground,None,10,45.0,60,80,110,50,80,45
hitmonlee,fighting,None,15,49.8,50,120,53,35,110,87
hitmonchan,fighting,None,14,50.2,50,105,79,35,110,76
lickitung,normal,None,12,65.5,90,55,75,60,75,30
koffing,poison,None,6,1.0,40,65,95,60,45,35
weezing,poison,None,12,9.5,65,90,120,85,70,60
rhyhorn,ground,rock,10,115.0,80,85,95,30,30,25
rhydon,ground,rock,19,120.0,105,130,120,45,45,40
chansey,normal,None,11,34.6,250,5,5,35,105,50
tangela,grass,None,10,35.0,65,55,115,100,40,60
kangaskhan,normal,None,22,80.0,105,95,80,40,80,90
horsea,water,None,4,8.0,30,40,70,70,25,60
seadra,water,None,12,25.0,55,65,95,95,45,85
goldeen,water,None,6,15.0,45,67,60,35,50,63
seaking,water,None,13,39.0,80,92,65,65,80,68
staryu,water,None,8,34.5,30,45,55,70,55,85
starmie,water,psychic,11,80.0,60,75,85,100,85,115
mr-mime,psychic,fairy,13,54.5,40,45,65,100,120,90
scyther,bug,flying,15,56.0,70,110,80,55,80,105
jynx,ice,psychic,14,40.6,65,50,35,115,95,95
electabuzz,electric,None,11,30.0,65,83,57,95,85,105
magmar,fire,None,13,44.5,65,95,57,100,85,93
pinsir,bug,None,15,55.0,65,125,100,55,70,85
tauros,normal,None,14,88.4,75,100,95,40,70,110
magikarp,water,None,9,10.0,20,10,55,15,20,80
gyarados,water,flying,65,235.0,95,125,79,60,100,81
lapras,water,ice,25,220.0,130,85,80,85,95,60
ditto,normal,None,3,4.0,48,48,48,48,48,48
eevee,normal,None,3,6.5,55,55,50,45,65,55
vaporeon,water,None,10,29.0,130,65,60,110,95,65
jolteon,electric,None,8,24.5,65,65,60,110,95,130
flareon,fire,None,9,25.0,65,130,60,95,110,65
porygon,normal,None,8,36.5,65,60,70,85,75,40
omanyte,rock,water,4,7.5,35,40,100,90,55,35
omastar,rock,water,10,35.0,70,60,125,115,70,55
kabuto,rock,water,5,11.5,30,80,90,55,45,55
kabutops,rock,water,13,40.5,60,115,105,65,70,80
aerodactyl,rock,flying,18,59.0,80,105,65,60,75,130
snorlax,normal,None,21,460.0,160,110,65,65,110,30
articuno,ice,flying,17,55.4,90,85,100,95,125,85
zapdos,electric,flying,16,52.6,90,90,85,125,90,100
moltres,fire,flying,20,60.0,90,100,90,125,85,90
dratini,dragon,None,18,3.3,41,64,45,50,50,50
dragonair,dragon,None,40,16.5,61,84,65,70,70,70
dragonite,dragon,flying,22,210.0,91,134,95,100,100,80
mewtwo,psychic,None,20,122.0,106,110,90,154,90,130
mew,psychic,None,4,4.0,100,100,100,100,100,100
chikorita,grass,None,9,6.4,45,49,65,49,65,45
bayleef,grass,None,12,15.8,60,62,80,63,80,60
meganium,grass,None,18,100.5,80,82,100,83,100,80
cyndaquil,fire,None,5,7.9,39,52,43,60,50,65
quilava,fire,None,9,19.0,58,64,58,80,65,80
typhlosion,fire,None,17,79.5,78,84,78,109,85,100
totodile,water,None,6,9.5,50,65,64,44,48,43
croconaw,water,None,11,25.0,65,80,80,59,63,58
feraligatr,water,None,23,88.8,85,105,100,79,83,78
sentret,normal,None,8,6.0,35,46,34,35,45,20
furret,normal,None,18,32.5,85,76,64,45,55,90
hoothoot,normal,flying,7,21.2,60,30,30,36,56,50
noctowl,normal,flying,16,40.8,100,50,50,86,96,70
ledyba,bug,flying,10,10.8,40,20,30,40,80,55
ledian,bug,flying,14,35.6,55,35,50,55,110,85
spinarak,bug,poison,5,8.5,40,60,40,40,40,30
ariados,bug,poison,11,33.5,70,90,70,60,70,40
crobat,poison,flying,18,75.0,85,90,80,70,80,130
chinchou,water,electric,5,12.0,75,38,38,56,56,67
lanturn,water,electric,12,22.5,125,58,58,76,76,67
pichu,electric,None,3,2.0,20,40,15,35,35,60
cleffa,fairy,None,3,3.0,50,25,28,45,55,15
igglybuff,normal,fairy,3,1.0,90,30,15,40,20,15
togepi,fairy,None,3,1.5,35,20,65,40,65,20
togetic,fairy,flying,6,3.2,55,40,85,80,105,40
natu,psychic,flying,2,2.0,40,50,45,70,45,70
xatu,psychic,flying,15,15.0,65,75,70,95,70,95
mareep,electric,None,6,7.8,55,40,40,65,45,35
flaaffy,electric,None,8,13.3,70,55,55,80,60,45
ampharos,electric,None,14,61.5,90,75,85,115,90,55
bellossom,grass,None,4,5.8,75,80,95,90,100,50
marill,water,fairy,4,8.5,70,20,50,20,50,40
azumarill,water,fairy,8,28.5,100,50,80,60,80,50
sudowoodo,rock,None,12,38.0,70,100,115,30,65,30
politoed,water,None,11,33.9,90,75,75,90,100,70
hoppip,grass,flying,4,0.5,35,35,40,35,55,50
skiploom,grass,flying,6,1.0,55,45,50,45,65,80
jumpluff,grass,flying,8,3.0,75,55,70,55,95,110
aipom,normal,None,8,11.5,55,70,55,40,55,85
sunkern,grass,None,3,1.8,30,30,30,30,30,30
sunflora,grass,None,8,8.5,75,75,55,105,85,30
yanma,bug,flying,12,38.0,65,65,45,75,45,95
wooper,water,ground,4,8.5,55,45,45,25,25,15
quagsire,water,ground,14,75.0,95,85,85,65,65,35
espeon,psychic,None,9,26.5,65,65,60,130,95,110
umbreon,dark,None,10,27.0,95,65,110,60,130,65
murkrow,dark,flying,5,2.1,60,85,42,85,42,91
slowking,water,psychic,20,79.5,95,75,80,100,110,30
misdreavus,ghost,None,7,1.0,60,60,60,85,85,85
unown,psychic,None,5,5.0,48,72,48,72,48,48
wobbuffet,psychic,None,13,28.5,190,33,58,33,58,33
girafarig,normal,psychic,15,41.5,70,80,65,90,65,85
pineco,bug,None,6,7.2,50,65,90,35,35,15
forretress,bug,steel,12,125.8,75,90,140,60,60,40
dunsparce,normal,None,15,14.0,100,70,70,65,65,45
gligar,ground,flying,11,64.8,65,75,105,35,65,85
steelix,steel,ground,92,400.0,75,85,200,55,65,30
snubbull,fairy,None,6,7.8,60,80,50,40,40,30
granbull,fairy,None,14,48.7,90,120,75,60,60,45
qwilfish,water,poison,5,3.9,65,95,85,55,55,85
scizor,bug,steel,18,118.0,70,130,100,55,80,65
shuckle,bug,rock,6,20.5,20,10,230,10,230,5
heracross,bug,fighting,15,54.0,80,125,75,40,95,85
sneasel,dark,ice,9,28.0,55,95,55,35,75,115
teddiursa,normal,None,6,8.8,60,80,50,50,50,40
ursaring,normal,None,18,125.8,90,130,75,75,75,55
slugma,fire,None,7,35.0,40,40,40,70,40,20
magcargo,fire,rock,8,55.0,60,50,120,90,80,30
swinub,ice,ground,4,6.5,50,50,40,30,30,50
piloswine,ice,ground,11,55.8,100,100,80,60,60,50
corsola,water,rock,6,5.0,65,55,95,65,95,35
remoraid,water,None,6,12.0,35,65,35,65,35,65
octillery,water,None,9,28.5,75,105,75,105,75,45
delibird,ice,flying,9,16.0,45,55,45,65,45,75
mantine,water,flying,21,220.0,85,40,70,80,140,70
skarmory,steel,flying,17,50.5,65,80,140,40,70,70
houndour,dark,fire,6,10.8,45,60,30,80,50,65
houndoom,dark,fire,14,35.0,75,90,50,110,80,95
kingdra,water,dragon,18,152.0,75,95,95,95,95,85
phanpy,ground,None,5,33.5,90,60,60,40,40,40
donphan,ground,None,11,120.0,90,120,120,60,60,50
porygon2,normal,None,6,32.5,85,80,90,105,95,60
stantler,normal,None,14,71.2,73,95,62,85,65,85
smeargle,normal,None,12,58.0,55,20,35,20,45,75
tyrogue,fighting,None,7,21.0,35,35,35,35,35,35
hitmontop,fighting,None,14,48.0,50,95,95,35,110,70
smoochum,ice,psychic,4,6.0,45,30,15,85,65,65
elekid,electric,None,6,23.5,45,63,37,65,55,95
magby,fire,None,7,21.4,45,75,37,70,55,83
miltank,normal,None,12,75.5,95,80,105,40,70,100
blissey,normal,None,15,46.8,255,10,10,75,135,55
raikou,electric,None,19,178.0,90,85,75,115,100,115
entei,fire,None,21,198.0,115,115,85,90,75,100
suicune,water,None,20,187.0,100,75,115,90,115,85
larvitar,rock,ground,6,72.0,50,64,50,45,50,41
pupitar,rock,ground,12,152.0,70,84,70,65,70,51
tyranitar,rock,dark,20,202.0,100,134,110,95,100,61
lugia,psychic,flying,52,216.0,106,90,130,90,154,110
ho-oh,fire,flying,38,199.0,106,130,90,110,154,90
celebi,psychic,grass,6,5.0,100,100,100,100,100,100
treecko,grass,None,5,5.0,40,45,35,65,55,70
grovyle,grass,None,9,21.6,50,65,45,85,65,95
sceptile,grass,None,17,52.2,70,85,65,105,85,120
torchic,fire,None,4,2.5,45,60,40,70,50,45
combusken,fire,fighting,9,19.5,60,85,60,85,60,55
blaziken,fire,fighting,19,52.0,80,120,70,110,70,80
mudkip,water,None,4,7.6,50,70,50,50,50,40
marshtomp,water,ground,7,28.0,70,85,70,60,70,50
swampert,water,ground,15,81.9,100,110,90,85,90,60
poochyena,dark,None,5,13.6,35,55,35,30,30,35
mightyena,dark,None,10,37.0,70,90,70,60,60,70
zigzagoon,normal,None,4,17.5,38,30,41,30,41,60
linoone,normal,None,5,32.5,78,70,61,50,61,100
wurmple,bug,None,3,3.6,45,45,35,20,30,20
silcoon,bug,None,6,10.0,50,35,55,25,25,15
beautifly,bug,flying,10,28.4,60,70,50,100,50,65
cascoon,bug,None,7,11.5,50,35,55,25,25,15
dustox,bug,poison,12,31.6,60,50,70,50,90,65
lotad,water,grass,5,2.6,40,30,30,40,50,30
lombre,water,grass,12,32.5,60,50,50,60,70,50
ludicolo,water,grass,15,55.0,80,70,70,90,100,70
seedot,grass,None,5,4.0,40,40,50,30,30,30
nuzleaf,grass,dark,10,28.0,70,70,40,60,40,60
shiftry,grass,dark,13,59.6,90,100,60,90,60,80
taillow,normal,flying,3,2.3,40,55,30,30,30,85
swellow,normal,flying,7,19.8,60,85,60,75,50,125
wingull,water,flying,6,9.5,40,30,30,55,30,85
pelipper,water,flying,12,28.0,60,50,100,95,70,65
ralts,psychic,fairy,4,6.6,28,25,25,45,35,40
kirlia,psychic,fairy,8,20.2,38,35,35,65,55,50
gardevoir,psychic,fairy,16,48.4,68,65,65,125,115,80
surskit,bug,water,5,1.7,40,30,32,50,52,65
masquerain,bug,flying,8,3.6,70,60,62,100,82,80
shroomish,grass,None,4,4.5,60,40,60,40,60,35
breloom,grass,fighting,12,39.2,60,130,80,60,60,70
slakoth,normal,None,8,24.0,60,60,60,35,35,30
vigoroth,normal,None,14,46.5,80,80,80,55,55,90
slaking,normal,None,20,130.5,150,160,100,95,65,100
nincada,bug,ground,5,5.5,31,45,90,30,30,40
ninjask,bug,flying,8,12.0,61,90,45,50,50,160
shedinja,bug,ghost,8,1.2,1,90,45,30,30,40
whismur,normal,None,6,16.3,64,51,23,51,23,28
loudred,normal,None,10,40.5,84,71,43,71,43,48
exploud,normal,None,15,84.0,104,91,63,91,73,68
makuhita,fighting,None,10,86.4,72,60,30,20,30,25
hariyama,fighting,None,23,253.8,144,120,60,40,60,50
azurill,normal,fairy,2,2.0,50,20,40,20,40,20
nosepass,rock,None,10,97.0,30,45,135,45,90,30
skitty,normal,None,6,11.0,50,45,45,35,35,50
delcatty,normal,None,11,32.6,70,65,65,55,55,90
sableye,dark,ghost,5,11.0,50,75,75,65,65,50
mawile,steel,fairy,6,11.5,50,85,85,55,55,50
aron,steel,rock,4,60.0,50,70,100,40,40,30
lairon,steel,rock,9,120.0,60,90,140,50,50,40
aggron,steel,rock,21,360.0,70,110,180,60,60,50
meditite,fighting,psychic,6,11.2,30,40,55,40,55,60
medicham,fighting,psychic,13,31.5,60,60,75,60,75,80
electrike,electric,None,6,15.2,40,45,40,65,40,65
manectric,electric,None,15,40.2,70,75,60,105,60,105
plusle,electric,None,4,4.2,60,50,40,85,75,95
minun,electric,None,4,4.2,60,40,50,75,85,95
volbeat,bug,None,7,17.7,65,73,75,47,85,85
illumise,bug,None,6,17.7,65,47,75,73,85,85
roselia,grass,poison,3,2.0,50,60,45,100,80,65
gulpin,poison,None,4,10.3,70,43,53,43,53,40
swalot,poison,None,17,80.0,100,73,83,73,83,55
carvanha,water,dark,8,20.8,45,90,20,65,20,65
sharpedo,water,dark,18,88.8,70,120,40,95,40,95
wailmer,water,None,20,130.0,130,70,35,70,35,60
wailord,water,None,145,398.0,170,90,45,90,45,60
numel,fire,ground,7,24.0,60,60,40,65,45,35
camerupt,fire,ground,19,220.0,70,100,70,105,75,40
torkoal,fire,None,5,80.4,70,85,140,85,70,20
spoink,psychic,None,7,30.6,60,25,35,70,80,60
grumpig,psychic,None,9,71.5,80,45,65,90,110,80
spinda,normal,None,11,5.0,60,60,60,60,60,60
trapinch,ground,None,7,15.0,45,100,45,45,45,10
vibrava,ground,dragon,11,15.3,50,70,50,50,50,70
flygon,ground,dragon,20,82.0,80,100,80,80,80,100
cacnea,grass,None,4,51.3,50,85,40,85,40,35
cacturne,grass,dark,13,77.4,70,115,60,115,60,55
swablu,normal,flying,4,1.2,45,40,60,40,75,50
altaria,dragon,flying,11,20.6,75,70,90,70,105,80
zangoose,normal,None,13,40.3,73,115,60,60,60,90
seviper,poison,None,27,52.5,73,100,60,100,60,65
lunatone,rock,psychic,10,168.0,90,55,65,95,85,70
solrock,rock,psychic,12,154.0,90,95,85,55,65,70
barboach,water,ground,4,1.9,50,48,43,46,41,60
whiscash,water,ground,9,23.6,110,78,73,76,71,60
corphish,water,None,6,11.5,43,80,65,50,35,35
crawdaunt,water,dark,11,32.8,63,120,85,90,55,55
baltoy,ground,psychic,5,21.5,40,40,55,40,70,55
claydol,ground,psychic,15,108.0,60,70,105,70,120,75
lileep,rock,grass,10,23.8,66,41,77,61,87,23
cradily,rock,grass,15,60.4,86,81,97,81,107,43
anorith,rock,bug,7,12.5,45,95,50,40,50,75
armaldo,rock,bug,15,68.2,75,125,100,70,80,45
feebas,water,None,6,7.4,20,15,20,10,55,80
milotic,water,None,62,162.0,95,60,79,100,125,81
castform,normal,None,3,0.8,70,70,70,70,70,70
kecleon,normal,None,10,22.0,60,90,70,60,120,40
shuppet,ghost,None,6,2.3,44,75,35,63,33,45
banette,ghost,None,11,12.5,64,115,65,83,63,65
duskull,ghost,None,8,15.0,20,40,90,30,90,25
dusclops,ghost,None,16,30.6,40,70,130,60,130,25
tropius,grass,flying,20,100.0,99,68,83,72,87,51
chimecho,psychic,None,6,1.0,75,50,80,95,90,65
absol,dark,None,12,47.0,65,130,60,75,60,75
wynaut,psychic,None,6,14.0,95,23,48,23,48,23
snorunt,ice,None,7,16.8,50,50,50,50,50,50
glalie,ice,None,15,256.5,80,80,80,80,80,80
spheal,ice,water,8,39.5,70,40,50,55,50,25
sealeo,ice,water,11,87.6,90,60,70,75,70,45
walrein,ice,water,14,150.6,110,80,90,95,90,65
clamperl,water,None,4,52.5,35,64,85,74,55,32
huntail,water,None,17,27.0,55,104,105,94,75,52
gorebyss,water,None,18,22.6,55,84,105,114,75,52
relicanth,water,rock,10,23.4,100,90,130,45,65,55
luvdisc,water,None,6,8.7,43,30,55,40,65,97
bagon,dragon,None,6,42.1,45,75,60,40,30,50
shelgon,dragon,None,11,110.5,65,95,100,60,50,50
salamence,dragon,flying,15,102.6,95,135,80,110,80,100
beldum,steel,psychic,6,95.2,40,55,80,35,60,30
metang,steel,psychic,12,202.5,60,75,100,55,80,50
metagross,steel,psychic,16,550.0,80,135,130,95,90,70
regirock,rock,None,17,230.0,80,100,200,50,100,50
regice,ice,None,18,175.0,80,50,100,100,200,50
registeel,steel,None,19,205.0,80,75,150,75,150,50
latias,dragon,psychic,14,40.0,80,80,90,110,130,110
latios,dragon,psychic,20,60.0,80,90,80,130,110,110
kyogre,water,None,45,352.0,100,100,90,150,140,90
groudon,ground,None,35,950.0,100,150,140,100,90,90
rayquaza,dragon,flying,70,206.5,105,150,90,150,90,95
jirachi,steel,psychic,3,1.1,100,100,100,100,100,100
deoxys-normal,psychic,None,17,60.8,50,150,50,150,50,150
turtwig,grass,None,4,10.2,55,68,64,45,55,31
grotle,grass,None,11,97.0,75,89,85,55,65,36
torterra,grass,ground,22,310.0,95,109,105,75,85,56
chimchar,fire,None,5,6.2,44,58,44,58,44,61
monferno,fire,fighting,9,22.0,64,78,52,78,52,81
infernape,fire,fighting,12,55.0,76,104,71,104,71,108
piplup,water,None,4,5.2,53,51,53,61,56,40
prinplup,water,None,8,23.0,64,66,68,81,76,50
empoleon,water,steel,17,84.5,84,86,88,111,101,60
starly,normal,flying,3,2.0,40,55,30,30,30,60
staravia,normal,flying,6,15.5,55,75,50,40,40,80
staraptor,normal,flying,12,24.9,85,120,70,50,60,100
bidoof,normal,None,5,20.0,59,45,40,35,40,31
bibarel,normal,water,10,31.5,79,85,60,55,60,71
kricketot,bug,None,3,2.2,37,25,41,25,41,25
kricketune,bug,None,10,25.5,77,85,51,55,51,65
shinx,electric,None,5,9.5,45,65,34,40,34,45
luxio,electric,None,9,30.5,60,85,49,60,49,60
luxray,electric,None,14,42.0,80,120,79,95,79,70
budew,grass,poison,2,1.2,40,30,35,50,70,55
roserade,grass,poison,9,14.5,60,70,65,125,105,90
cranidos,rock,None,9,31.5,67,125,40,30,30,58
rampardos,rock,None,16,102.5,97,165,60,65,50,58
shieldon,rock,steel,5,57.0,30,42,118,42,88,30
bastiodon,rock,steel,13,149.5,60,52,168,47,138,30
burmy,bug,None,2,3.4,40,29,45,29,45,36
wormadam-plant,bug,grass,5,6.5,60,59,85,79,105,36
mothim,bug,flying,9,23.3,70,94,50,94,50,66
combee,bug,flying,3,5.5,30,30,42,30,42,70
vespiquen,bug,flying,12,38.5,70,80,102,80,102,40
pachirisu,electric,None,4,3.9,60,45,70,45,90,95
buizel,water,None,7,29.5,55,65,35,60,30,85
floatzel,water,None,11,33.5,85,105,55,85,50,115
cherubi,grass,None,4,3.3,45,35,45,62,53,35
cherrim,grass,None,5,9.3,70,60,70,87,78,85
shellos,water,None,3,6.3,76,48,48,57,62,34
gastrodon,water,ground,9,29.9,111,83,68,92,82,39
ambipom,normal,None,12,20.3,75,100,66,60,66,115
drifloon,ghost,flying,4,1.2,90,50,34,60,44,70
drifblim,ghost,flying,12,15.0,150,80,44,90,54,80
buneary,normal,None,4,5.5,55,66,44,44,56,85
lopunny,normal,None,12,33.3,65,76,84,54,96,105
mismagius,ghost,None,9,4.4,60,60,60,105,105,105
honchkrow,dark,flying,9,27.3,100,125,52,105,52,71
glameow,normal,None,5,3.9,49,55,42,42,37,85
purugly,normal,None,10,43.8,71,82,64,64,59,112
chingling,psychic,None,2,0.6,45,30,50,65,50,45
stunky,poison,dark,4,19.2,63,63,47,41,41,74
skuntank,poison,dark,10,38.0,103,93,67,71,61,84
bronzor,steel,psychic,5,60.5,57,24,86,24,86,23
bronzong,steel,psychic,13,187.0,67,89,116,79,116,33
bonsly,rock,None,5,15.0,50,80,95,10,45,10
mime-jr,psychic,fairy,6,13.0,20,25,45,70,90,60
happiny,normal,None,6,24.4,100,5,5,15,65,30
chatot,normal,flying,5,1.9,76,65,45,92,42,91
spiritomb,ghost,dark,10,108.0,50,92,108,92,108,35
gible,dragon,ground,7,20.5,58,70,45,40,45,42
gabite,dragon,ground,14,56.0,68,90,65,50,55,82
garchomp,dragon,ground,19,95.0,108,130,95,80,85,102
munchlax,normal,None,6,105.0,135,85,40,40,85,5
riolu,fighting,None,7,20.2,40,70,40,35,40,60
lucario,fighting,steel,12,54.0,70,110,70,115,70,90
hippopotas,ground,None,8,49.5,68,72,78,38,42,32
hippowdon,ground,None,20,300.0,108,112,118,68,72,47
skorupi,poison,bug,8,12.0,40,50,90,30,55,65
drapion,poison,dark,13,61.5,70,90,110,60,75,95
croagunk,poison,fighting,7,23.0,48,61,40,61,40,50
toxicroak,poison,fighting,13,44.4,83,106,65,86,65,85
carnivine,grass,None,14,27.0,74,100,72,90,72,46
finneon,water,None,4,7.0,49,49,56,49,61,66
lumineon,water,None,12,24.0,69,69,76,69,86,91
mantyke,water,flying,10,65.0,45,20,50,60,120,50
snover,grass,ice,10,50.5,60,62,50,62,60,40
abomasnow,grass,ice,22,135.5,90,92,75,92,85,60
weavile,dark,ice,11,34.0,70,120,65,45,85,125
magnezone,electric,steel,12,180.0,70,70,115,130,90,60
lickilicky,normal,None,17,140.0,110,85,95,80,95,50
rhyperior,ground,rock,24,282.8,115,140,130,55,55,40
tangrowth,grass,None,20,128.6,100,100,125,110,50,50
electivire,electric,None,18,138.6,75,123,67,95,85,95
magmortar,fire,None,16,68.0,75,95,67,125,95,83
togekiss,fairy,flying,15,38.0,85,50,95,120,115,80
yanmega,bug,flying,19,51.5,86,76,86,116,56,95
leafeon,grass,None,10,25.5,65,110,130,60,65,95
glaceon,ice,None,8,25.9,65,60,110,130,95,65
gliscor,ground,flying,20,42.5,75,95,125,45,75,95
mamoswine,ice,ground,25,291.0,110,130,80,70,60,80
porygon-z,normal,None,9,34.0,85,80,70,135,75,90
gallade,psychic,fighting,16,52.0,68,125,65,65,115,80
probopass,rock,steel,14,340.0,60,55,145,75,150,40
dusknoir,ghost,None,22,106.6,45,100,135,65,135,45
froslass,ice,ghost,13,26.6,70,80,70,80,70,110
rotom,electric,ghost,3,0.3,50,50,77,95,77,91
uxie,psychic,None,3,0.3,75,75,130,75,130,95
mesprit,psychic,None,3,0.3,80,105,105,105,105,80
azelf,psychic,None,3,0.3,75,125,70,125,70,115
dialga,steel,dragon,54,683.0,100,120,120,150,100,90
palkia,water,dragon,42,336.0,90,120,100,150,120,100
heatran,fire,steel,17,430.0,91,90,106,130,106,77
regigigas,normal,None,37,420.0,110,160,110,80,110,100
giratina-altered,ghost,dragon,45,750.0,150,100,120,100,120,90
cresselia,psychic,None,15,85.6,120,70,110,75,120,85
phione,water,None,4,3.1,80,80,80,80,80,80
manaphy,water,None,3,1.4,100,100,100,100,100,100
darkrai,dark,None,15,50.5,70,90,90,135,90,125
shaymin-land,grass,None,2,2.1,100,100,100,100,100,100
arceus,normal,None,32,320.0,120,120,120,120,120,120
victini,psychic,fire,4,4.0,100,100,100,100,100,100
snivy,grass,None,6,8.1,45,45,55,45,55,63
servine,grass,None,8,16.0,60,60,75,60,75,83
serperior,grass,None,33,63.0,75,75,95,75,95,113
tepig,fire,None,5,9.9,65,63,45,45,45,45
pignite,fire,fighting,10,55.5,90,93,55,70,55,55
emboar,fire,fighting,16,150.0,110,123,65,100,65,65
oshawott,water,None,5,5.9,55,55,45,63,45,45
dewott,water,None,8,24.5,75,75,60,83,60,60
samurott,water,None,15,94.6,95,100,85,108,70,70
patrat,normal,None,5,11.6,45,55,39,35,39,42
watchog,normal,None,11,27.0,60,85,69,60,69,77
lillipup,normal,None,4,4.1,45,60,45,25,45,55
herdier,normal,None,9,14.7,65,80,65,35,65,60
stoutland,normal,None,12,61.0,85,110,90,45,90,80
purrloin,dark,None,4,10.1,41,50,37,50,37,66
liepard,dark,None,11,37.5,64,88,50,88,50,106
pansage,grass,None,6,10.5,50,53,48,53,48,64
simisage,grass,None,11,30.5,75,98,63,98,63,101
pansear,fire,None,6,11.0,50,53,48,53,48,64
simisear,fire,None,10,28.0,75,98,63,98,63,101
panpour,water,None,6,13.5,50,53,48,53,48,64
simipour,water,None,10,29.0,75,98,63,98,63,101
munna,psychic,None,6,23.3,76,25,45,67,55,24
musharna,psychic,None,11,60.5,116,55,85,107,95,29
pidove,normal,flying,3,2.1,50,55,50,36,30,43
tranquill,normal,flying,6,15.0,62,77,62,50,42,65
unfezant,normal,flying,12,29.0,80,115,80,65,55,93
blitzle,electric,None,8,29.8,45,60,32,50,32,76
zebstrika,electric,None,16,79.5,75,100,63,80,63,116
roggenrola,rock,None,4,18.0,55,75,85,25,25,15
boldore,rock,None,9,102.0,70,105,105,50,40,20
gigalith,rock,None,17,260.0,85,135,130,60,80,25
woobat,psychic,flying,4,2.1,65,45,43,55,43,72
swoobat,psychic,flying,9,10.5,67,57,55,77,55,114
drilbur,ground,None,3,8.5,60,85,40,30,45,68
excadrill,ground,steel,7,40.4,110,135,60,50,65,88
audino,normal,None,11,31.0,103,60,86,60,86,50
timburr,fighting,None,6,12.5,75,80,55,25,35,35
gurdurr,fighting,None,12,40.0,85,105,85,40,50,40
conkeldurr,fighting,None,14,87.0,105,140,95,55,65,45
tympole,water,None,5,4.5,50,50,40,50,40,64
palpitoad,water,ground,8,17.0,75,65,55,65,55,69
seismitoad,water,ground,15,62.0,105,95,75,85,75,74
throh,fighting,None,13,55.5,120,100,85,30,85,45
sawk,fighting,None,14,51.0,75,125,75,30,75,85
sewaddle,bug,grass,3,2.5,45,53,70,40,60,42
swadloon,bug,grass,5,7.3,55,63,90,50,80,42
leavanny,bug,grass,12,20.5,75,103,80,70,80,92
venipede,bug,poison,4,5.3,30,45,59,30,39,57
whirlipede,bug,poison,12,58.5,40,55,99,40,79,47
scolipede,bug,poison,25,200.5,60,100,89,55,69,112
cottonee,grass,fairy,3,0.6,40,27,60,37,50,66
whimsicott,grass,fairy,7,6.6,60,67,85,77,75,116
petilil,grass,None,5,6.6,45,35,50,70,50,30
lilligant,grass,None,11,16.3,70,60,75,110,75,90
basculin-red-striped,water,None,10,18.0,70,92,65,80,55,98
sandile,ground,dark,7,15.2,50,72,35,35,35,65
krokorok,ground,dark,10,33.4,60,82,45,45,45,74
krookodile,ground,dark,15,96.3,95,117,80,65,70,92
darumaka,fire,None,6,37.5,70,90,45,15,45,50
darmanitan-standard,fire,None,13,92.9,105,140,55,30,55,95
maractus,grass,None,10,28.0,75,86,67,106,67,60
dwebble,bug,rock,3,14.5,50,65,85,35,35,55
crustle,bug,rock,14,200.0,70,105,125,65,75,45
scraggy,dark,fighting,6,11.8,50,75,70,35,70,48
scrafty,dark,fighting,11,30.0,65,90,115,45,115,58
sigilyph,psychic,flying,14,14.0,72,58,80,103,80,97
yamask,ghost,None,5,1.5,38,30,85,55,65,30
cofagrigus,ghost,None,17,76.5,58,50,145,95,105,30
tirtouga,water,rock,7,16.5,54,78,103,53,45,22
carracosta,water,rock,12,81.0,74,108,133,83,65,32
archen,rock,flying,5,9.5,55,112,45,74,45,70
archeops,rock,flying,14,32.0,75,140,65,112,65,110
trubbish,poison,None,6,31.0,50,50,62,40,62,65
garbodor,poison,None,19,107.3,80,95,82,60,82,75
zorua,dark,None,7,12.5,40,65,40,80,40,65
zoroark,dark,None,16,81.1,60,105,60,120,60,105
minccino,normal,None,4,5.8,55,50,40,40,40,75
cinccino,normal,None,5,7.5,75,95,60,65,60,115
gothita,psychic,None,4,5.8,45,30,50,55,65,45
gothorita,psychic,None,7,18.0,60,45,70,75,85,55
gothitelle,psychic,None,15,44.0,70,55,95,95,110,65
solosis,psychic,None,3,1.0,45,30,40,105,50,20
duosion,psychic,None,6,8.0,65,40,50,125,60,30
reuniclus,psychic,None,10,20.1,110,65,75,125,85,30
ducklett,water,flying,5,5.5,62,44,50,44,50,55
swanna,water,flying,13,24.2,75,87,63,87,63,98
vanillite,ice,None,4,5.7,36,50,50,65,60,44
vanillish,ice,None,11,41.0,51,65,65,80,75,59
vanilluxe,ice,None,13,57.5,71,95,85,110,95,79
deerling,normal,grass,6,19.5,60,60,50,40,50,75
sawsbuck,normal,grass,19,92.5,80,100,70,60,70,95
emolga,electric,flying,4,5.0,55,75,60,75,60,103
karrablast,bug,None,5,5.9,50,75,45,40,45,60
escavalier,bug,steel,10,33.0,70,135,105,60,105,20
foongus,grass,poison,2,1.0,69,55,45,55,55,15
amoonguss,grass,poison,6,10.5,114,85,70,85,80,30
frillish,water,ghost,12,33.0,55,40,50,65,85,40
jellicent,water,ghost,22,135.0,100,60,70,85,105,60
alomomola,water,None,12,31.6,165,75,80,40,45,65
joltik,bug,electric,1,0.6,50,47,50,57,50,65
galvantula,bug,electric,8,14.3,70,77,60,97,60,108
ferroseed,grass,steel,6,18.8,44,50,91,24,86,10
ferrothorn,grass,steel,10,110.0,74,94,131,54,116,20
klink,steel,None,3,21.0,40,55,70,45,60,30
klang,steel,None,6,51.0,60,80,95,70,85,50
klinklang,steel,None,6,81.0,60,100,115,70,85,90
tynamo,electric,None,2,0.3,35,55,40,45,40,60
eelektrik,electric,None,12,22.0,65,85,70,75,70,40
eelektross,electric,None,21,80.5,85,115,80,105,80,50
elgyem,psychic,None,5,9.0,55,55,55,85,55,30
beheeyem,psychic,None,10,34.5,75,75,75,125,95,40
litwick,ghost,fire,3,3.1,50,30,55,65,55,20
lampent,ghost,fire,6,13.0,60,40,60,95,60,55
chandelure,ghost,fire,10,34.3,60,55,90,145,90,80
axew,dragon,None,6,18.0,46,87,60,30,40,57
fraxure,dragon,None,10,36.0,66,117,70,40,50,67
haxorus,dragon,None,18,105.5,76,147,90,60,70,97
cubchoo,ice,None,5,8.5,55,70,40,60,40,40
beartic,ice,None,26,260.0,95,130,80,70,80,50
cryogonal,ice,None,11,148.0,80,50,50,95,135,105
shelmet,bug,None,4,7.7,50,40,85,40,65,25
accelgor,bug,None,8,25.3,80,70,40,100,60,145
stunfisk,ground,electric,7,11.0,109,66,84,81,99,32
mienfoo,fighting,None,9,20.0,45,85,50,55,50,65
mienshao,fighting,None,14,35.5,65,125,60,95,60,105
druddigon,dragon,None,16,139.0,77,120,90,60,90,48
golett,ground,ghost,10,92.0,59,74,50,35,50,35
golurk,ground,ghost,28,330.0,89,124,80,55,80,55
pawniard,dark,steel,5,10.2,45,85,70,40,40,60
bisharp,dark,steel,16,70.0,65,125,100,60,70,70
bouffalant,normal,None,16,94.6,95,110,95,40,95,55
rufflet,normal,flying,5,10.5,70,83,50,37,50,60
braviary,normal,flying,15,41.0,100,123,75,57,75,80
vullaby,dark,flying,5,9.0,70,55,75,45,65,60
mandibuzz,dark,flying,12,39.5,110,65,105,55,95,80
heatmor,fire,None,14,58.0,85,97,66,105,66,65
durant,bug,steel,3,33.0,58,109,112,48,48,109
deino,dark,dragon,8,17.3,52,65,50,45,50,38
zweilous,dark,dragon,14,50.0,72,85,70,65,70,58
hydreigon,dark,dragon,18,160.0,92,105,90,125,90,98
larvesta,bug,fire,11,28.8,55,85,55,50,55,60
volcarona,bug,fire,16,46.0,85,60,65,135,105,100
cobalion,steel,fighting,21,250.0,91,90,129,90,72,108
terrakion,rock,fighting,19,260.0,91,129,90,72,90,108
virizion,grass,fighting,20,200.0,91,90,72,90,129,108
tornadus-incarnate,flying,None,15,63.0,79,115,70,125,80,111
thundurus-incarnate,electric,flying,15,61.0,79,115,70,125,80,111
reshiram,dragon,fire,32,330.0,100,120,100,150,120,90
zekrom,dragon,electric,29,345.0,100,150,120,120,100,90
landorus-incarnate,ground,flying,15,68.0,89,125,90,115,80,101
kyurem,dragon,ice,30,325.0,125,130,90,130,90,95
keldeo-ordinary,water,fighting,14,48.5,91,72,90,129,90,108
meloetta-aria,normal,psychic,6,6.5,100,77,77,128,128,90
genesect,bug,steel,15,82.5,71,120,95,120,95,99
chespin,grass,None,4,9.0,56,61,65,48,45,38
quilladin,grass,None,7,29.0,61,78,95,56,58,57
chesnaught,grass,fighting,16,90.0,88,107,122,74,75,64
fennekin,fire,None,4,9.4,40,45,40,62,60,60
braixen,fire,None,10,14.5,59,59,58,90,70,73
delphox,fire,psychic,15,39.0,75,69,72,114,100,104
froakie,water,None,3,7.0,41,56,40,62,44,71
frogadier,water,None,6,10.9,54,63,52,83,56,97
greninja,water,dark,15,40.0,72,95,67,103,71,122
bunnelby,normal,None,4,5.0,38,36,38,32,36,57
diggersby,normal,ground,10,42.4,85,56,77,50,77,78
fletchling,normal,flying,3,1.7,45,50,43,40,38,62
fletchinder,fire,flying,7,16.0,62,73,55,56,52,84
talonflame,fire,flying,12,24.5,78,81,71,74,69,126
scatterbug,bug,None,3,2.5,38,35,40,27,25,35
spewpa,bug,None,3,8.4,45,22,60,27,30,29
vivillon,bug,flying,12,17.0,80,52,50,90,50,89
litleo,fire,normal,6,13.5,62,50,58,73,54,72
pyroar,fire,normal,15,81.5,86,68,72,109,66,106
flabebe,fairy,None,1,0.1,44,38,39,61,79,42
floette,fairy,None,2,0.9,54,45,47,75,98,52
florges,fairy,None,11,10.0,78,65,68,112,154,75
skiddo,grass,None,9,31.0,66,65,48,62,57,52
gogoat,grass,None,17,91.0,123,100,62,97,81,68
pancham,fighting,None,6,8.0,67,82,62,46,48,43
pangoro,fighting,dark,21,136.0,95,124,78,69,71,58
furfrou,normal,None,12,28.0,75,80,60,65,90,102
espurr,psychic,None,3,3.5,62,48,54,63,60,68
meowstic-male,psychic,None,6,8.5,74,48,76,83,81,104
honedge,steel,ghost,8,2.0,45,80,100,35,37,28
doublade,steel,ghost,8,4.5,59,110,150,45,49,35
aegislash-shield,steel,ghost,17,53.0,60,50,140,50,140,60
spritzee,fairy,None,2,0.5,78,52,60,63,65,23
aromatisse,fairy,None,8,15.5,101,72,72,99,89,29
swirlix,fairy,None,4,3.5,62,48,66,59,57,49
slurpuff,fairy,None,8,5.0,82,80,86,85,75,72
inkay,dark,psychic,4,3.5,53,54,53,37,46,45
malamar,dark,psychic,15,47.0,86,92,88,68,75,73
binacle,rock,water,5,31.0,42,52,67,39,56,50
barbaracle,rock,water,13,96.0,72,105,115,54,86,68
skrelp,poison,water,5,7.3,50,60,60,60,60,30
dragalge,poison,dragon,18,81.5,65,75,90,97,123,44
clauncher,water,None,5,8.3,50,53,62,58,63,44
clawitzer,water,None,13,35.3,71,73,88,120,89,59
helioptile,electric,normal,5,6.0,44,38,33,61,43,70
heliolisk,electric,normal,10,21.0,62,55,52,109,94,109
tyrunt,rock,dragon,8,26.0,58,89,77,45,45,48
tyrantrum,rock,dragon,25,270.0,82,121,119,69,59,71
amaura,rock,ice,13,25.2,77,59,50,67,63,46
aurorus,rock,ice,27,225.0,123,77,72,99,92,58
sylveon,fairy,None,10,23.5,95,65,65,110,130,60
hawlucha,fighting,flying,8,21.5,78,92,75,74,63,118
dedenne,electric,fairy,2,2.2,67,58,57,81,67,101
carbink,rock,fairy,3,5.7,50,50,150,50,150,50
goomy,dragon,None,3,2.8,45,50,35,55,75,40
sliggoo,dragon,None,8,17.5,68,75,53,83,113,60
goodra,dragon,None,20,150.5,90,100,70,110,150,80
klefki,steel,fairy,2,3.0,57,80,91,80,87,75
phantump,ghost,grass,4,7.0,43,70,48,50,60,38
trevenant,ghost,grass,15,71.0,85,110,76,65,82,56
pumpkaboo-average,ghost,grass,4,5.0,49,66,70,44,55,51
gourgeist-average,ghost,grass,9,12.5,65,90,122,58,75,84
bergmite,ice,None,10,99.5,55,69,85,32,35,28
avalugg,ice,None,20,505.0,95,117,184,44,46,28
noibat,flying,dragon,5,8.0,40,30,35,45,40,55
noivern,flying,dragon,15,85.0,85,70,80,97,80,123
xerneas,fairy,None,30,215.0,126,131,95,131,98,99
yveltal,dark,flying,58,203.0,126,131,95,131,98,99
zygarde-50,dragon,ground,50,305.0,108,100,121,81,95,95
diancie,rock,fairy,7,8.8,50,100,150,100,150,50
hoopa,psychic,ghost,5,9.0,80,110,60,150,130,70
volcanion,fire,water,17,195.0,80,110,120,130,90,70
rowlet,grass,flying,3,1.5,68,55,55,50,50,42
dartrix,grass,flying,7,16.0,78,75,75,70,70,52
decidueye,grass,ghost,16,36.6,78,107,75,100,100,70
litten,fire,None,4,4.3,45,65,40,60,40,70
torracat,fire,None,7,25.0,65,85,50,80,50,90
incineroar,fire,dark,18,83.0,95,115,90,80,90,60
popplio,water,None,4,7.5,50,54,54,66,56,40
brionne,water,None,6,17.5,60,69,69,91,81,50
primarina,water,fairy,18,44.0,80,74,74,126,116,60
pikipek,normal,flying,3,1.2,35,75,30,30,30,65
trumbeak,normal,flying,6,14.8,55,85,50,40,50,75
toucannon,normal,flying,11,26.0,80,120,75,75,75,60
yungoos,normal,None,4,6.0,48,70,30,30,30,45
gumshoos,normal,None,7,14.2,88,110,60,55,60,45
grubbin,bug,None,4,4.4,47,62,45,55,45,46
charjabug,bug,electric,5,10.5,57,82,95,55,75,36
vikavolt,bug,electric,15,45.0,77,70,90,145,75,43
crabrawler,fighting,None,6,7.0,47,82,57,42,47,63
crabominable,fighting,ice,17,180.0,97,132,77,62,67,43
oricorio-baile,fire,flying,6,3.4,75,70,70,98,70,93
cutiefly,bug,fairy,1,0.2,40,45,40,55,40,84
ribombee,bug,fairy,2,0.5,60,55,60,95,70,124
rockruff,rock,None,5,9.2,45,65,40,30,40,60
lycanroc-midday,rock,None,8,25.0,75,115,65,55,65,112
wishiwashi-solo,water,None,2,0.3,45,20,20,25,25,40
mareanie,poison,water,4,8.0,50,53,62,43,52,45
toxapex,poison,water,7,14.5,50,63,152,53,142,35
mudbray,ground,None,10,110.0,70,100,70,45,55,45
mudsdale,ground,None,25,920.0,100,125,100,55,85,35
dewpider,water,bug,3,4.0,38,40,52,40,72,27
araquanid,water,bug,18,82.0,68,70,92,50,132,42
fomantis,grass,None,3,1.5,40,55,35,50,35,35
lurantis,grass,None,9,18.5,70,105,90,80,90,45
morelull,grass,fairy,2,1.5,40,35,55,65,75,15
shiinotic,grass,fairy,10,11.5,60,45,80,90,100,30
salandit,poison,fire,6,4.8,48,44,40,71,40,77
salazzle,poison,fire,12,22.2,68,64,60,111,60,117
stufful,normal,fighting,5,6.8,70,75,50,45,50,50
bewear,normal,fighting,21,135.0,120,125,80,55,60,60
bounsweet,grass,None,3,3.2,42,30,38,30,38,32
steenee,grass,None,7,8.2,52,40,48,40,48,62
tsareena,grass,None,12,21.4,72,120,98,50,98,72
comfey,fairy,None,1,0.3,51,52,90,82,110,100
oranguru,normal,psychic,15,76.0,90,60,80,90,110,60
passimian,fighting,None,20,82.8,100,120,90,40,60,80
wimpod,bug,water,5,12.0,25,35,40,20,30,80
golisopod,bug,water,20,108.0,75,125,140,60,90,40
sandygast,ghost,ground,5,70.0,55,55,80,70,45,15
palossand,ghost,ground,13,250.0,85,75,110,100,75,35
pyukumuku,water,None,3,1.2,55,60,130,30,130,5
type-null,normal,None,19,120.5,95,95,95,95,95,59
silvally,normal,None,23,100.5,95,95,95,95,95,95
minior-red-meteor,rock,flying,3,40.0,60,60,100,60,100,60
komala,normal,None,4,19.9,65,115,65,75,95,65
turtonator,fire,dragon,20,212.0,60,78,135,91,85,36
togedemaru,electric,steel,3,3.3,65,98,63,40,73,96
mimikyu-disguised,ghost,fairy,2,0.7,55,90,80,50,105,96
bruxish,water,psychic,9,19.0,68,105,70,70,70,92
drampa,normal,dragon,30,185.0,78,60,85,135,91,36
dhelmise,ghost,grass,39,210.0,70,131,100,86,90,40
jangmo-o,dragon,None,6,29.7,45,55,65,45,45,45
hakamo-o,dragon,fighting,12,47.0,55,75,90,65,70,65
kommo-o,dragon,fighting,16,78.2,75,110,125,100,105,85
tapu-koko,electric,fairy,18,20.5,70,115,85,95,75,130
tapu-lele,psychic,fairy,12,18.6,70,85,75,130,115,95
tapu-bulu,grass,fairy,19,45.5,70,130,115,85,95,75
tapu-fini,water,fairy,13,21.2,70,75,115,95,130,85
cosmog,psychic,None,2,0.1,43,29,31,29,31,37
cosmoem,psychic,None,1,999.9,43,29,131,29,131,37
solgaleo,psychic,steel,34,230.0,137,137,107,113,89,97
lunala,psychic,ghost,40,120.0,137,113,89,137,107,97
nihilego,rock,poison,12,55.5,109,53,47,127,131,103
buzzwole,bug,fighting,24,333.6,107,139,139,53,53,79
pheromosa,bug,fighting,18,25.0,71,137,37,137,37,151
xurkitree,electric,None,38,100.0,83,89,71,173,71,83
celesteela,steel,flying,92,999.9,97,101,103,107,101,61
kartana,grass,steel,3,0.1,59,181,131,59,31,109
guzzlord,dark,dragon,55,888.0,223,101,53,97,53,43
necrozma,psychic,None,24,230.0,97,107,101,127,89,79
magearna,steel,fairy,10,80.5,80,95,115,130,115,65
marshadow,fighting,ghost,7,22.2,90,125,80,90,90,125
poipole,poison,None,6,1.8,67,73,67,73,67,73
naganadel,poison,dragon,36,150.0,73,73,73,127,73,121
stakataka,rock,steel,55,820.0,61,131,211,53,101,13
blacephalon,fire,ghost,18,13.0,53,127,53,151,79,107
zeraora,electric,None,15,44.5,88,112,75,102,80,143
meltan,steel,None,2,8.0,46,65,65,55,35,34
melmetal,steel,None,25,800.0,135,143,143,80,65,34
grookey,grass,None,3,5.0,50,65,50,40,40,65
thwackey,grass,None,7,14.0,70,85,70,55,60,80
rillaboom,grass,None,21,90.0,100,125,90,60,70,85
scorbunny,fire,None,3,4.5,50,71,40,40,40,69
raboot,fire,None,6,9.0,65,86,60,55,60,94
cinderace,fire,None,14,33.0,80,116,75,65,75,119
sobble,water,None,3,4.0,50,40,40,70,40,70
drizzile,water,None,7,11.5,65,60,55,95,55,90
inteleon,water,None,19,45.2,70,85,65,125,65,120
skwovet,normal,None,3,2.5,70,55,55,35,35,25
greedent,normal,None,6,6.0,120,95,95,55,75,20
rookidee,flying,None,2,1.8,38,47,35,33,35,57
corvisquire,flying,None,8,16.0,68,67,55,43,55,77
corviknight,flying,steel,22,75.0,98,87,105,53,85,67
blipbug,bug,None,4,8.0,25,20,20,25,45,45
dottler,bug,psychic,4,19.5,50,35,80,50,90,30
orbeetle,bug,psychic,4,40.8,60,45,110,80,120,90
nickit,dark,None,6,8.9,40,28,28,47,52,50
thievul,dark,None,12,19.9,70,58,58,87,92,90
gossifleur,grass,None,4,2.2,40,40,60,40,60,10
eldegoss,grass,None,5,2.5,60,50,90,80,120,60
wooloo,normal,None,6,6.0,42,40,55,40,45,48
dubwool,normal,None,13,43.0,72,80,100,60,90,88
chewtle,water,None,3,8.5,50,64,50,38,38,44
drednaw,water,rock,10,115.5,90,115,90,48,68,74
yamper,electric,None,3,13.5,59,45,50,40,50,26
boltund,electric,None,10,34.0,69,90,60,90,60,121
rolycoly,rock,None,3,12.0,30,40,50,40,50,30
carkol,rock,fire,11,78.0,80,60,90,60,70,50
coalossal,rock,fire,28,310.5,110,80,120,80,90,30
applin,grass,dragon,2,0.5,40,40,80,40,40,20
flapple,grass,dragon,3,1.0,70,110,80,95,60,70
appletun,grass,dragon,4,13.0,110,85,80,100,80,30
silicobra,ground,None,22,7.6,52,57,75,35,50,46
sandaconda,ground,None,38,65.5,72,107,125,65,70,71
cramorant,flying,water,8,18.0,70,85,55,85,95,85
arrokuda,water,None,5,1.0,41,63,40,40,30,66
barraskewda,water,None,13,30.0,61,123,60,60,50,136
toxel,electric,poison,4,11.0,40,38,35,54,35,40
toxtricity-amped,electric,poison,16,40.0,75,98,70,114,70,75
sizzlipede,fire,bug,7,1.0,50,65,45,50,50,45
centiskorch,fire,bug,30,120.0,100,115,65,90,90,65
clobbopus,fighting,None,6,4.0,50,68,60,50,50,32
grapploct,fighting,None,16,39.0,80,118,90,70,80,42
sinistea,ghost,None,1,0.2,40,45,45,74,54,50
polteageist,ghost,None,2,0.4,60,65,65,134,114,70
hatenna,psychic,None,4,3.4,42,30,45,56,53,39
hattrem,psychic,None,6,4.8,57,40,65,86,73,49
hatterene,psychic,fairy,21,5.1,57,90,95,136,103,29
impidimp,dark,fairy,4,5.5,45,45,30,55,40,50
morgrem,dark,fairy,8,12.5,65,60,45,75,55,70
grimmsnarl,dark,fairy,15,61.0,95,120,65,95,75,60
obstagoon,dark,normal,16,46.0,93,90,101,60,81,95
perrserker,steel,None,8,28.0,70,110,100,50,60,50
cursola,ghost,None,10,0.4,60,95,50,145,130,30
sirfetchd,fighting,None,8,117.0,62,135,95,68,82,65
mr-rime,ice,psychic,15,58.2,80,85,75,110,100,70
runerigus,ground,ghost,16,66.6,58,95,145,50,105,30
milcery,fairy,None,2,0.3,45,40,40,50,61,34
alcremie,fairy,None,3,0.5,65,60,75,110,121,64
falinks,fighting,None,30,62.0,65,100,100,70,60,75
pincurchin,electric,None,3,1.0,48,101,95,91,85,15
snom,ice,bug,3,3.8,30,25,35,45,30,20
frosmoth,ice,bug,13,42.0,70,65,60,125,90,65
stonjourner,rock,None,25,520.0,100,125,135,20,20,70
eiscue-ice,ice,None,14,89.0,75,80,110,65,90,50
indeedee-male,psychic,normal,9,28.0,60,65,55,105,95,95
morpeko-full-belly,electric,dark,3,3.0,58,95,58,70,58,97
cufant,steel,None,12,100.0,72,80,49,40,49,40
copperajah,steel,None,30,650.0,122,130,69,80,69,30
dracozolt,electric,dragon,18,190.0,90,100,90,80,70,75
arctozolt,electric,ice,23,150.0,90,100,90,90,80,55
dracovish,water,dragon,23,215.0,90,90,100,70,80,75
arctovish,water,ice,20,175.0,90,90,100,80,90,55
duraludon,steel,dragon,18,40.0,70,95,115,120,50,85
dreepy,dragon,ghost,5,2.0,28,60,30,40,30,82
drakloak,dragon,ghost,14,11.0,68,80,50,60,50,102
dragapult,dragon,ghost,30,50.0,88,120,75,100,75,142
zacian,fairy,None,28,110.0,92,120,115,80,115,138
zamazenta,fighting,None,29,210.0,92,120,115,80,115,138
kubfu,fighting,None,6,12.0,60,90,60,53,50,72
urshifu-single-strike,fighting,dark,19,105.0,100,130,100,63,60,97
zarude,dark,grass,18,70.0,105,120,105,70,95,105
regieleki,electric,None,12,145.0,80,100,50,100,50,200
regidrago,dragon,None,21,200.0,200,100,50,100,50,80
glastrier,ice,None,22,800.0,100,145,130,65,110,30
spectrier,ghost,None,20,44.5,100,65,60,145,80,130
calyrex,psychic,grass,11,7.7,100,80,80,80,80,80
wyrdeer,normal,psychic,18,95.1,103,105,72,105,75,65
kleavor,bug,rock,18,89.0,70,135,95,45,70,85
ursaluna,ground,normal,24,290.0,130,140,105,45,80,50
basculegion-male,water,ghost,30,110.0,120,112,65,80,75,78
sneasler,fighting,poison,13,43.0,80,130,60,40,80,120
overqwil,dark,poison,25,60.5,85,115,95,65,65,85
enamorus-incarnate,fairy,flying,16,48.0,74,115,70,135,80,106
sprigatito,grass,None,4,4.1,40,61,54,45,45,65
floragato,grass,None,9,12.2,61,80,63,60,63,83
meowscarada,grass,dark,15,31.2,76,110,70,81,70,123
fuecoco,fire,None,4,9.8,67,45,59,63,40,36
crocalor,fire,None,10,30.7,81,55,78,90,58,49
skeledirge,fire,ghost,16,326.5,104,75,100,110,75,66
quaxly,water,None,5,6.1,55,65,45,50,45,50
quaxwell,water,None,12,21.5,70,85,65,65,60,65
quaquaval,water,fighting,18,61.9,85,120,80,85,75,85
lechonk,normal,None,5,10.2,54,45,40,35,45,35
oinkologne-male,normal,None,10,120.0,110,100,75,59,80,65
tarountula,bug,None,3,4.0,35,41,45,29,40,20
spidops,bug,None,10,16.5,60,79,92,52,86,35
nymble,bug,None,2,1.0,33,46,40,21,25,45
lokix,bug,dark,10,17.5,71,102,78,52,55,92
pawmi,electric,None,3,2.5,45,50,20,40,25,60
pawmo,electric,fighting,4,6.5,60,75,40,50,40,85
pawmot,electric,fighting,9,41.0,70,115,70,70,60,105
tandemaus,normal,None,3,1.8,50,50,45,40,45,75
maushold-family-of-four,normal,None,3,2.3,74,75,70,65,75,111
fidough,fairy,None,3,10.9,37,55,70,30,55,65
dachsbun,fairy,None,5,14.9,57,80,115,50,80,95
smoliv,grass,normal,3,6.5,41,35,45,58,51,30
dolliv,grass,normal,6,11.9,52,53,60,78,78,33
arboliva,grass,normal,14,48.2,78,69,90,125,109,39
squawkabilly-green-plumage,normal,flying,6,2.4,82,96,51,45,51,92
nacli,rock,None,4,16.0,55,55,75,35,35,25
naclstack,rock,None,6,105.0,60,60,100,35,65,35
garganacl,rock,None,23,240.0,100,100,130,45,90,35
charcadet,fire,None,6,10.5,40,50,40,50,40,35
armarouge,fire,psychic,15,85.0,85,60,100,125,80,75
ceruledge,fire,ghost,16,62.0,75,125,80,60,100,85
tadbulb,electric,None,3,0.4,61,31,41,59,35,45
bellibolt,electric,None,12,113.0,109,64,91,103,83,45
wattrel,electric,flying,4,3.6,40,40,35,55,40,70
kilowattrel,electric,flying,14,38.6,70,70,60,105,60,125
maschiff,dark,None,5,16.0,60,78,60,40,51,51
mabosstiff,dark,None,11,61.0,80,120,90,60,70,85
shroodle,poison,normal,2,0.7,40,65,35,40,35,75
grafaiai,poison,normal,7,27.2,63,95,65,80,72,110
bramblin,grass,ghost,6,0.6,40,65,30,45,35,60
brambleghast,grass,ghost,12,6.0,55,115,70,80,70,90
toedscool,ground,grass,9,33.0,40,40,35,50,100,70
toedscruel,ground,grass,19,58.0,80,70,65,80,120,100
klawf,rock,None,13,79.0,70,100,115,35,55,75
capsakid,grass,None,3,3.0,50,62,40,62,40,50
scovillain,grass,fire,9,15.0,65,108,65,108,65,75
rellor,bug,None,2,1.0,41,50,60,31,58,30
rabsca,bug,psychic,3,3.5,75,50,85,115,100,45
flittle,psychic,None,2,1.5,30,35,30,55,30,75
espathra,psychic,None,19,90.0,95,60,60,101,60,105
tinkatink,fairy,steel,4,8.9,50,45,45,35,64,58
tinkatuff,fairy,steel,7,59.1,65,55,55,45,82,78
tinkaton,fairy,steel,7,112.8,85,75,77,70,105,94
wiglett,water,None,12,1.8,10,55,25,35,25,95
wugtrio,water,None,12,5.4,35,100,50,50,70,120
bombirdier,flying,dark,15,42.9,70,103,85,60,85,82
finizen,water,None,13,60.2,70,45,40,45,40,75
palafin-zero,water,None,13,60.2,100,70,72,53,62,100
varoom,steel,poison,10,35.0,45,70,63,30,45,47
revavroom,steel,poison,18,120.0,80,119,90,54,67,90
cyclizar,dragon,normal,16,63.0,70,95,65,85,65,121
orthworm,steel,None,25,310.0,70,85,145,60,55,65
glimmet,rock,poison,7,8.0,48,35,42,105,60,60
glimmora,rock,poison,15,45.0,83,55,90,130,81,86
greavard,ghost,None,6,35.0,50,61,60,30,55,34
houndstone,ghost,None,20,15.0,72,101,100,50,97,68
flamigo,flying,fighting,16,37.0,82,115,74,75,64,90
cetoddle,ice,None,12,45.0,108,68,45,30,40,43
cetitan,ice,None,45,700.0,170,113,65,45,55,73
veluza,water,psychic,25,90.0,90,102,73,78,65,70
dondozo,water,None,120,220.0,150,100,115,65,65,35
tatsugiri-curly,dragon,water,3,8.0,68,50,60,120,95,82
annihilape,fighting,ghost,12,56.0,110,115,80,50,90,90
clodsire,poison,ground,18,223.0,130,75,60,45,100,20
farigiraf,normal,psychic,32,160.0,120,90,70,110,70,60
dudunsparce-two-segment,normal,None,36,39.2,125,100,80,85,75,55
kingambit,dark,steel,20,120.0,100,135,120,60,85,50
great-tusk,ground,fighting,22,320.0,115,131,131,53,53,87
scream-tail,fairy,psychic,12,8.0,115,65,99,65,115,111
brute-bonnet,grass,dark,12,21.0,111,127,99,79,99,55
flutter-mane,ghost,fairy,14,4.0,55,55,55,135,135,135
slither-wing,bug,fighting,32,92.0,85,135,79,85,105,81
sandy-shocks,electric,ground,23,60.0,85,81,97,121,85,101
iron-treads,ground,steel,9,240.0,90,112,120,72,70,106
iron-bundle,ice,water,6,11.0,56,80,114,124,60,136
iron-hands,fighting,electric,18,380.7,154,140,108,50,68,50
iron-jugulis,dark,flying,13,111.0,94,80,86,122,80,108
iron-moth,fire,poison,12,36.0,80,70,60,140,110,110
iron-thorns,rock,electric,16,303.0,100,134,110,70,84,72
frigibax,dragon,ice,5,17.0,65,75,45,35,45,55
arctibax,dragon,ice,8,30.0,90,95,66,45,65,62
baxcalibur,dragon,ice,21,210.0,115,145,92,75,86,87
gimmighoul,ghost,None,3,5.0,45,30,70,75,70,10
gholdengo,steel,ghost,12,30.0,87,60,95,133,91,84
wo-chien,dark,grass,15,74.2,85,85,100,95,135,70
chien-pao,dark,ice,19,152.2,80,120,80,90,65,135
ting-lu,dark,ground,27,699.7,155,110,125,55,80,45
chi-yu,dark,fire,4,4.9,55,80,80,135,120,100
roaring-moon,dragon,dark,20,380.0,105,139,71,55,101,119
iron-valiant,fairy,fighting,14,35.0,74,130,90,120,60,116
koraidon,fighting,dragon,25,303.0,100,135,115,85,100,135
miraidon,electric,dragon,35,240.0,100,85,100,135,115,135
walking-wake,water,dragon,35,280.0,99,83,91,125,83,109
iron-leaves,grass,psychic,15,125.0,90,130,88,70,108,104
dipplin,grass,dragon,4,9.7,80,80,110,95,80,40
poltchageist,grass,ghost,1,1.1,40,45,45,74,54,50
sinistcha,grass,ghost,2,2.2,71,60,106,121,80,70
okidogi,poison,fighting,18,92.2,88,128,115,58,86,80
munkidori,poison,psychic,10,12.2,88,75,66,130,90,106
fezandipiti,poison,fairy,14,30.1,88,91,82,70,125,99
ogerpon,grass,None,12,39.8,80,120,84,60,96,110
archaludon,steel,dragon,20,60.0,90,105,130,125,65,85
hydrapple,grass,dragon,18,93.0,106,80,110,120,80,44
gouging-fire,fire,dragon,35,590.0,105,115,121,65,93,91
raging-bolt,electric,dragon,52,480.0,125,73,91,137,89,75
iron-boulder,rock,psychic,15,162.5,90,120,80,68,108,124
iron-crown,steel,psychic,16,156.0,90,72,100,122,108,98
terapagos,normal,None,2,6.5,90,65,85,65,85,60
pecharunt,poison,ghost,3,0.3,88,88,160,88,88,88
deoxys-attack,psychic,None,17,60.8,50,180,20,180,20,150
deoxys-defense,psychic,None,17,60.8,50,70,160,70,160,90
deoxys-speed,psychic,None,17,60.8,50,95,90,95,90,180
wormadam-sandy,bug,ground,5,6.5,60,79,105,59,85,36
wormadam-trash,bug,steel,5,6.5,60,69,95,69,95,36
shaymin-sky,grass,flying,4,5.2,100,103,75,120,75,127
giratina-origin,ghost,dragon,69,650.0,150,120,100,120,100,90
rotom-heat,electric,fire,3,0.3,50,65,107,105,107,86
rotom-wash,electric,water,3,0.3,50,65,107,105,107,86
rotom-frost,electric,ice,3,0.3,50,65,107,105,107,86
rotom-fan,electric,flying,3,0.3,50,65,107,105,107,86
rotom-mow,electric,grass,3,0.3,50,65,107,105,107,86
castform-sunny,fire,None,3,0.8,70,70,70,70,70,70
castform-rainy,water,None,3,0.8,70,70,70,70,70,70
castform-snowy,ice,None,3,0.8,70,70,70,70,70,70
basculin-blue-striped,water,None,10,18.0,70,92,65,80,55,98
darmanitan-zen,fire,psychic,13,92.9,105,30,105,140,105,55
meloetta-pirouette,normal,fighting,6,6.5,100,128,90,77,77,128
tornadus-therian,flying,None,14,63.0,79,100,80,110,90,121
thundurus-therian,electric,flying,30,61.0,79,105,70,145,80,101
landorus-therian,ground,flying,13,68.0,89,145,90,105,80,91
kyurem-black,dragon,ice,33,325.0,125,170,100,120,90,95
kyurem-white,dragon,ice,36,325.0,125,120,90,170,100,95
keldeo-resolute,water,fighting,14,48.5,91,72,90,129,90,108
meowstic-female,psychic,None,6,8.5,74,48,76,83,81,104
aegislash-blade,steel,ghost,17,53.0,60,140,50,140,50,60
pumpkaboo-small,ghost,grass,3,3.5,44,66,70,44,55,56
pumpkaboo-large,ghost,grass,5,7.5,54,66,70,44,55,46
pumpkaboo-super,ghost,grass,8,15.0,59,66,70,44,55,41
gourgeist-small,ghost,grass,7,9.5,55,85,122,58,75,99
gourgeist-large,ghost,grass,11,14.0,75,95,122,58,75,69
gourgeist-super,ghost,grass,17,39.0,85,100,122,58,75,54
venusaur-mega,grass,poison,24,155.5,80,100,123,122,120,80
charizard-mega-x,fire,dragon,17,110.5,78,130,111,130,85,100
charizard-mega-y,fire,flying,17,100.5,78,104,78,159,115,100
blastoise-mega,water,None,16,101.1,79,103,120,135,115,78
alakazam-mega,psychic,None,12,48.0,55,50,65,175,105,150
gengar-mega,ghost,poison,14,40.5,60,65,80,170,95,130
kangaskhan-mega,normal,None,22,100.0,105,125,100,60,100,100
pinsir-mega,bug,flying,17,59.0,65,155,120,65,90,105
gyarados-mega,water,dark,65,305.0,95,155,109,70,130,81
aerodactyl-mega,rock,flying,21,79.0,80,135,85,70,95,150
mewtwo-mega-x,psychic,fighting,23,127.0,106,190,100,154,100,130
mewtwo-mega-y,psychic,None,15,33.0,106,150,70,194,120,140
ampharos-mega,electric,dragon,14,61.5,90,95,105,165,110,45
scizor-mega,bug,steel,20,125.0,70,150,140,65,100,75
heracross-mega,bug,fighting,17,62.5,80,185,115,40,105,75
houndoom-mega,dark,fire,19,49.5,75,90,90,140,90,115
tyranitar-mega,rock,dark,25,255.0,100,164,150,95,120,71
blaziken-mega,fire,fighting,19,52.0,80,160,80,130,80,100
gardevoir-mega,psychic,fairy,16,48.4,68,85,65,165,135,100
mawile-mega,steel,fairy,10,23.5,50,105,125,55,95,50
aggron-mega,steel,None,22,395.0,70,140,230,60,80,50
medicham-mega,fighting,psychic,13,31.5,60,100,85,80,85,100
manectric-mega,electric,None,18,44.0,70,75,80,135,80,135
banette-mega,ghost,None,12,13.0,64,165,75,93,83,75
absol-mega,dark,None,12,49.0,65,150,60,115,60,115
garchomp-mega,dragon,ground,19,95.0,108,170,115,120,95,92
lucario-mega,fighting,steel,13,57.5,70,145,88,140,70,112
abomasnow-mega,grass,ice,27,185.0,90,132,105,132,105,30
floette-eternal,fairy,None,2,0.9,74,65,67,125,128,92
latias-mega,dragon,psychic,18,52.0,80,100,120,140,150,110
latios-mega,dragon,psychic,23,70.0,80,130,100,160,120,110
swampert-mega,water,ground,19,102.0,100,150,110,95,110,70
sceptile-mega,grass,dragon,19,55.2,70,110,75,145,85,145
sableye-mega,dark,ghost,5,161.0,50,85,125,85,115,20
altaria-mega,dragon,fairy,15,20.6,75,110,110,110,105,80
gallade-mega,psychic,fighting,16,56.4,68,165,95,65,115,110
audino-mega,normal,fairy,15,32.0,103,60,126,80,126,50
sharpedo-mega,water,dark,25,130.3,70,140,70,110,65,105
slowbro-mega,water,psychic,20,120.0,95,75,180,130,80,30
steelix-mega,steel,ground,105,740.0,75,125,230,55,95,30
pidgeot-mega,normal,flying,22,50.5,83,80,80,135,80,121
glalie-mega,ice,None,21,350.2,80,120,80,120,80,100
diancie-mega,rock,fairy,11,27.8,50,160,110,160,110,110
metagross-mega,steel,psychic,25,942.9,80,145,150,105,110,110
kyogre-primal,water,None,98,430.0,100,150,90,180,160,90
groudon-primal,ground,fire,50,999.7,100,180,160,150,90,90
rayquaza-mega,dragon,flying,108,392.0,105,180,100,180,100,115
pikachu-rock-star,electric,None,4,6.0,35,55,40,50,50,90
pikachu-belle,electric,None,4,6.0,35,55,40,50,50,90
pikachu-pop-star,electric,None,4,6.0,35,55,40,50,50,90
pikachu-phd,electric,None,4,6.0,35,55,40,50,50,90
pikachu-libre,electric,None,4,6.0,35,55,40,50,50,90
pikachu-cosplay,electric,None,4,6.0,35,55,40,50,50,90
hoopa-unbound,psychic,dark,65,490.0,80,160,60,170,130,80
camerupt-mega,fire,ground,25,320.5,70,120,100,145,105,20
lopunny-mega,normal,fighting,13,28.3,65,136,94,54,96,135
salamence-mega,dragon,flying,18,112.6,95,145,130,120,90,120
beedrill-mega,bug,poison,14,40.5,65,150,40,15,80,145
rattata-alola,dark,normal,3,3.8,30,56,35,25,35,72
raticate-alola,dark,normal,7,25.5,75,71,70,40,80,77
raticate-totem-alola,dark,normal,14,105.0,75,71,70,40,80,77
pikachu-original-cap,electric,None,4,6.0,35,55,40,50,50,90
pikachu-hoenn-cap,electric,None,4,6.0,35,55,40,50,50,90
pikachu-sinnoh-cap,electric,None,4,6.0,35,55,40,50,50,90
pikachu-unova-cap,electric,None,4,6.0,35,55,40,50,50,90
pikachu-kalos-cap,electric,None,4,6.0,35,55,40,50,50,90
pikachu-alola-cap,electric,None,4,6.0,35,55,40,50,50,90
raichu-alola,electric,psychic,7,21.0,60,85,50,95,85,110
sandshrew-alola,ice,steel,7,40.0,50,75,90,10,35,40
sandslash-alola,ice,steel,12,55.0,75,100,120,25,65,65
vulpix-alola,ice,None,6,9.9,38,41,40,50,65,65
ninetales-alola,ice,fairy,11,19.9,73,67,75,81,100,109
diglett-alola,ground,steel,2,1.0,10,55,30,35,45,90
dugtrio-alola,ground,steel,7,66.6,35,100,60,50,70,110
meowth-alola,dark,None,4,4.2,40,35,35,50,40,90
persian-alola,dark,None,11,33.0,65,60,60,75,65,115
geodude-alola,rock,electric,4,20.3,40,80,100,30,30,20
graveler-alola,rock,electric,10,110.0,55,95,115,45,45,35
golem-alola,rock,electric,17,316.0,80,120,130,55,65,45
grimer-alola,poison,dark,7,42.0,80,80,50,40,50,25
muk-alola,poison,dark,10,52.0,105,105,75,65,100,50
exeggutor-alola,grass,dragon,109,415.6,95,105,85,125,75,45
marowak-alola,fire,ghost,10,34.0,60,80,110,50,80,45
greninja-battle-bond,water,dark,15,40.0,72,95,67,103,71,122
greninja-ash,water,dark,15,40.0,72,145,67,153,71,132
zygarde-10-power-construct,dragon,ground,12,33.5,54,100,71,61,85,115
zygarde-50-power-construct,dragon,ground,50,305.0,108,100,121,81,95,95
zygarde-complete,dragon,ground,45,610.0,216,100,121,91,95,85
gumshoos-totem,normal,None,14,60.0,88,110,60,55,60,45
vikavolt-totem,bug,electric,26,147.5,77,70,90,145,75,43
oricorio-pom-pom,electric,flying,6,3.4,75,70,70,98,70,93
oricorio-pau,psychic,flying,6,3.4,75,70,70,98,70,93
oricorio-sensu,ghost,flying,6,3.4,75,70,70,98,70,93
lycanroc-midnight,rock,None,11,25.0,85,115,75,55,75,82
wishiwashi-school,water,None,82,78.6,45,140,130,140,135,30
lurantis-totem,grass,None,15,58.0,70,105,90,80,90,45
salazzle-totem,poison,fire,21,81.0,68,64,60,111,60,117
minior-orange-meteor,rock,flying,3,40.0,60,60,100,60,100,60
minior-yellow-meteor,rock,flying,3,40.0,60,60,100,60,100,60
minior-green-meteor,rock,flying,3,40.0,60,60,100,60,100,60
minior-blue-meteor,rock,flying,3,40.0,60,60,100,60,100,60
minior-indigo-meteor,rock,flying,3,40.0,60,60,100,60,100,60
minior-violet-meteor,rock,flying,3,40.0,60,60,100,60,100,60
minior-red,rock,flying,3,0.3,60,100,60,100,60,120
minior-orange,rock,flying,3,0.3,60,100,60,100,60,120
minior-yellow,rock,flying,3,0.3,60,100,60,100,60,120
minior-green,rock,flying,3,0.3,60,100,60,100,60,120
minior-blue,rock,flying,3,0.3,60,100,60,100,60,120
minior-indigo,rock,flying,3,0.3,60,100,60,100,60,120
minior-violet,rock,flying,3,0.3,60,100,60,100,60,120
mimikyu-busted,ghost,fairy,2,0.7,55,90,80,50,105,96
mimikyu-totem-disguised,ghost,fairy,4,2.8,55,90,80,50,105,96
mimikyu-totem-busted,ghost,fairy,4,2.8,55,90,80,50,105,96
kommo-o-totem,dragon,fighting,24,207.5,75,110,125,100,105,85
magearna-original,steel,fairy,10,80.5,80,95,115,130,115,65
pikachu-partner-cap,electric,None,4,6.0,35,55,40,50,50,90
marowak-totem,fire,ghost,17,98.0,60,80,110,50,80,45
ribombee-totem,bug,fairy,4,2.0,60,55,60,95,70,124
rockruff-own-tempo,rock,None,5,9.2,45,65,40,30,40,60
lycanroc-dusk,rock,None,8,25.0,75,117,65,55,65,110
araquanid-totem,water,bug,31,217.5,68,70,92,50,132,42
togedemaru-totem,electric,steel,6,13.0,65,98,63,40,73,96
necrozma-dusk,psychic,steel,38,460.0,97,157,127,113,109,77
necrozma-dawn,psychic,ghost,42,350.0,97,113,109,157,127,77
necrozma-ultra,psychic,dragon,75,230.0,97,167,97,167,97,129
pikachu-starter,electric,None,4,6.0,45,80,50,75,60,120
eevee-starter,normal,None,3,6.5,65,75,70,65,85,75
pikachu-world-cap,electric,None,4,6.0,35,55,40,50,50,90
meowth-galar,steel,None,4,7.5,50,65,55,40,40,40
ponyta-galar,psychic,None,8,24.0,50,85,55,65,65,90
rapidash-galar,psychic,fairy,17,80.0,65,100,70,80,80,105
slowpoke-galar,psychic,None,12,36.0,90,65,65,40,40,15
slowbro-galar,poison,psychic,16,70.5,95,100,95,100,70,30
farfetchd-galar,fighting,None,8,42.0,52,95,55,58,62,55
weezing-galar,poison,fairy,30,16.0,65,90,120,85,70,60
mr-mime-galar,ice,psychic,14,56.8,50,65,65,90,90,100
articuno-galar,psychic,flying,17,50.9,90,85,85,125,100,95
zapdos-galar,fighting,flying,16,58.2,90,125,90,85,90,100
moltres-galar,dark,flying,20,66.0,90,85,90,100,125,90
slowking-galar,poison,psychic,18,79.5,95,65,80,110,110,30
corsola-galar,ghost,None,6,0.5,60,55,100,65,100,30
zigzagoon-galar,dark,normal,4,17.5,38,30,41,30,41,60
linoone-galar,dark,normal,5,32.5,78,70,61,50,61,100
darumaka-galar,ice,None,7,40.0,70,90,45,15,45,50
darmanitan-galar-standard,ice,None,17,120.0,105,140,55,30,55,95
darmanitan-galar-zen,ice,fire,17,120.0,105,160,55,30,55,135
yamask-galar,ground,ghost,5,1.5,38,55,85,30,65,30
stunfisk-galar,ground,steel,7,20.5,109,81,99,66,84,32
zygarde-10,dragon,ground,12,33.5,54,100,71,61,85,115
cramorant-gulping,flying,water,8,18.0,70,85,55,85,95,85
cramorant-gorging,flying,water,8,18.0,70,85,55,85,95,85
toxtricity-low-key,electric,poison,16,40.0,75,98,70,114,70,75
eiscue-noice,ice,None,14,89.0,75,80,70,65,50,130
indeedee-female,psychic,normal,9,28.0,70,55,65,95,105,85
morpeko-hangry,electric,dark,3,3.0,58,95,58,70,58,97
zacian-crowned,fairy,steel,28,355.0,92,150,115,80,115,148
zamazenta-crowned,fighting,steel,29,785.0,92,120,140,80,140,128
urshifu-rapid-strike,fighting,water,19,105.0,100,130,100,63,60,97
zarude-dada,dark,grass,18,70.0,105,120,105,70,95,105
calyrex-ice,psychic,ice,24,809.1,100,165,150,85,130,50
calyrex-shadow,psychic,ghost,24,53.6,100,85,80,165,100,150
butterfree-gmax,bug,flying,170,1000.0,60,45,50,90,80,70
kingler-gmax,water,None,190,1000.0,55,130,115,50,50,75
eevee-gmax,normal,None,180,1000.0,55,55,50,45,65,55
corviknight-gmax,flying,steel,140,1000.0,98,87,105,53,85,67
orbeetle-gmax,bug,psychic,140,1000.0,60,45,110,80,120,90
growlithe-hisui,fire,rock,8,22.7,60,75,45,65,50,55
arcanine-hisui,fire,rock,20,168.0,95,115,80,95,80,90
voltorb-hisui,electric,grass,5,13.0,40,30,50,55,55,100
electrode-hisui,electric,grass,12,71.0,60,50,70,80,80,150
typhlosion-hisui,fire,ghost,16,69.8,73,84,78,119,85,95
qwilfish-hisui,dark,poison,5,3.9,65,95,85,55,55,85
sneasel-hisui,fighting,poison,9,27.0,55,95,55,35,75,115
samurott-hisui,water,dark,15,58.2,90,108,80,100,65,85
lilligant-hisui,grass,fighting,12,19.2,70,105,75,50,75,105
zorua-hisui,normal,ghost,7,12.5,35,60,40,85,40,70
zoroark-hisui,normal,ghost,16,73.0,55,100,60,125,60,110
braviary-hisui,psychic,flying,17,43.4,110,83,70,112,70,65
sliggoo-hisui,steel,dragon,7,68.5,58,75,83,83,113,40
goodra-hisui,steel,dragon,17,334.1,80,100,100,110,150,60
avalugg-hisui,ice,rock,14,262.4,95,127,184,34,36,38
decidueye-hisui,grass,fighting,16,37.0,88,112,80,95,95,60
dialga-origin,steel,dragon,70,848.7,100,100,120,150,120,90
palkia-origin,water,dragon,63,659.0,90,100,100,150,120,120
basculin-white-striped,water,None,10,18.0,70,92,65,80,55,98
basculegion-female,water,ghost,30,110.0,120,92,65,100,75,78
enamorus-therian,fairy,flying,16,48.0,74,115,110,135,100,46
tauros-paldea-combat-breed,fighting,None,14,115.0,75,110,105,30,70,100
tauros-paldea-blaze-breed,fighting,fire,14,85.0,75,110,105,30,70,100
tauros-paldea-aqua-breed,fighting,water,14,110.0,75,110,105,30,70,100
wooper-paldea,poison,ground,4,11.0,55,45,45,25,25,15
oinkologne-female,normal,None,10,120.0,115,90,70,59,90,65
dudunsparce-three-segment,normal,None,45,47.4,125,100,80,85,75,55
palafin-hero,water,None,18,97.4,100,160,97,106,87,100
maushold-family-of-three,normal,None,3,2.8,74,75,70,65,75,111
tatsugiri-droopy,dragon,water,3,8.0,68,50,60,120,95,82
tatsugiri-stretchy,dragon,water,3,8.0,68,50,60,120,95,82
squawkabilly-blue-plumage,normal,flying,6,2.4,82,96,51,45,51,92
squawkabilly-yellow-plumage,normal,flying,6,2.4,82,96,51,45,51,92
squawkabilly-white-plumage,normal,flying,6,2.4,82,96,51,45,51,92
gimmighoul-roaming,ghost,None,1,1.0,45,30,25,75,45,80
koraidon-limited-build,fighting,dragon,35,303.0,100,135,115,85,100,135
koraidon-sprinting-build,fighting,dragon,35,303.0,100,135,115,85,100,135
koraidon-swimming-build,fighting,dragon,35,303.0,100,135,115,85,100,135
koraidon-gliding-build,fighting,dragon,35,303.0,100,135,115,85,100,135
miraidon-low-power-mode,electric,dragon,28,240.0,100,85,100,135,115,135
miraidon-drive-mode,electric,dragon,28,240.0,100,85,100,135,115,135
miraidon-aquatic-mode,electric,dragon,28,240.0,100,85,100,135,115,135
miraidon-glide-mode,electric,dragon,28,240.0,100,85,100,135,115,135
ursaluna-bloodmoon,ground,normal,24,290.0,113,70,120,135,65,52
ogerpon-wellspring-mask,grass,water,12,39.8,80,120,84,60,96,110
ogerpon-hearthflame-mask,grass,fire,12,39.8,80,120,84,60,96,110
ogerpon-cornerstone-mask,grass,rock,12,39.8,80,120,84,60,96,110
terapagos-terastal,normal,None,3,16.0,95,95,110,105,110,85
terapagos-stellar,normal,None,17,77.0,95,95,110,105,110,85
