name,generation,type_1,type_2,height,weight,hp,attack,defense,special-attack,special-defense,speed
bulbasaur,Kanto,grass,poison,7,69,45,49,49,65,65,45
ivysaur,Kanto,grass,poison,10,130,60,62,63,80,80,60
venusaur,Kanto,grass,poison,20,1000,80,82,83,100,100,80
charmander,Kanto,fire,None,6,85,39,52,43,60,50,65
charmeleon,Kanto,fire,None,11,190,58,64,58,80,65,80
charizard,Kanto,fire,flying,17,905,78,84,78,109,85,100
squirtle,Kanto,water,None,5,90,44,48,65,50,64,43
wartortle,Kanto,water,None,10,225,59,63,80,65,80,58
blastoise,Kanto,water,None,16,855,79,83,100,85,105,78
caterpie,Kanto,bug,None,3,29,45,30,35,20,20,45
metapod,Kanto,bug,None,7,99,50,20,55,25,25,30
butterfree,Kanto,bug,flying,11,320,60,45,50,90,80,70
weedle,Kanto,bug,poison,3,32,40,35,30,20,20,50
kakuna,Kanto,bug,poison,6,100,45,25,50,25,25,35
beedrill,Kanto,bug,poison,10,295,65,90,40,45,80,75
pidgey,Kanto,normal,flying,3,18,40,45,40,35,35,56
pidgeotto,Kanto,normal,flying,11,300,63,60,55,50,50,71
pidgeot,Kanto,normal,flying,15,395,83,80,75,70,70,101
rattata,Kanto,normal,None,3,35,30,56,35,25,35,72
raticate,Kanto,normal,None,7,185,55,81,60,50,70,97
spearow,Kanto,normal,flying,3,20,40,60,30,31,31,70
fearow,Kanto,normal,flying,12,380,65,90,65,61,61,100
ekans,Kanto,poison,None,20,69,35,60,44,40,54,55
arbok,Kanto,poison,None,35,650,60,95,69,65,79,80
pikachu,Kanto,electric,None,4,60,35,55,40,50,50,90
raichu,Kanto,electric,None,8,300,60,90,55,90,80,110
sandshrew,Kanto,ground,None,6,120,50,75,85,20,30,40
sandslash,Kanto,ground,None,10,295,75,100,110,45,55,65
nidoran-f,Kanto,poison,None,4,70,55,47,52,40,40,41
nidorina,Kanto,poison,None,8,200,70,62,67,55,55,56
nidoqueen,Kanto,poison,ground,13,600,90,92,87,75,85,76
nidoran-m,Kanto,poison,None,5,90,46,57,40,40,40,50
nidorino,Kanto,poison,None,9,195,61,72,57,55,55,65
nidoking,Kanto,poison,ground,14,620,81,102,77,85,75,85
clefairy,Kanto,fairy,None,6,75,70,45,48,60,65,35
clefable,Kanto,fairy,None,13,400,95,70,73,95,90,60
vulpix,Kanto,fire,None,6,99,38,41,40,50,65,65
ninetales,Kanto,fire,None,11,199,73,76,75,81,100,100
jigglypuff,Kanto,normal,fairy,5,55,115,45,20,45,25,20
wigglytuff,Kanto,normal,fairy,10,120,140,70,45,85,50,45
zubat,Kanto,poison,flying,8,75,40,45,35,30,40,55
golbat,Kanto,poison,flying,16,550,75,80,70,65,75,90
oddish,Kanto,grass,poison,5,54,45,50,55,75,65,30
gloom,Kanto,grass,poison,8,86,60,65,70,85,75,40
vileplume,Kanto,grass,poison,12,186,75,80,85,110,90,50
paras,Kanto,bug,grass,3,54,35,70,55,45,55,25
parasect,Kanto,bug,grass,10,295,60,95,80,60,80,30
venonat,Kanto,bug,poison,10,300,60,55,50,40,55,45
venomoth,Kanto,bug,poison,15,125,70,65,60,90,75,90
diglett,Kanto,ground,None,2,8,10,55,25,35,45,95
dugtrio,Kanto,ground,None,7,333,35,100,50,50,70,120
meowth,Kanto,normal,None,4,42,40,45,35,40,40,90
persian,Kanto,normal,None,10,320,65,70,60,65,65,115
psyduck,Kanto,water,None,8,196,50,52,48,65,50,55
golduck,Kanto,water,None,17,766,80,82,78,95,80,85
mankey,Kanto,fighting,None,5,280,40,80,35,35,45,70
primeape,Kanto,fighting,None,10,320,65,105,60,60,70,95
growlithe,Kanto,fire,None,7,190,55,70,45,70,50,60
arcanine,Kanto,fire,None,19,1550,90,110,80,100,80,95
poliwag,Kanto,water,None,6,124,40,50,40,40,40,90
poliwhirl,Kanto,water,None,10,200,65,65,65,50,50,90
poliwrath,Kanto,water,fighting,13,540,90,95,95,70,90,70
abra,Kanto,psychic,None,9,195,25,20,15,105,55,90
kadabra,Kanto,psychic,None,13,565,40,35,30,120,70,105
alakazam,Kanto,psychic,None,15,480,55,50,45,135,95,120
machop,Kanto,fighting,None,8,195,70,80,50,35,35,35
machoke,Kanto,fighting,None,15,705,80,100,70,50,60,45
machamp,Kanto,fighting,None,16,1300,90,130,80,65,85,55
bellsprout,Kanto,grass,poison,7,40,50,75,35,70,30,40
weepinbell,Kanto,grass,poison,10,64,65,90,50,85,45,55
victreebel,Kanto,grass,poison,17,155,80,105,65,100,70,70
tentacool,Kanto,water,poison,9,455,40,40,35,50,100,70
tentacruel,Kanto,water,poison,16,550,80,70,65,80,120,100
geodude,Kanto,rock,ground,4,200,40,80,100,30,30,20
graveler,Kanto,rock,ground,10,1050,55,95,115,45,45,35
golem,Kanto,rock,ground,14,3000,80,120,130,55,65,45
ponyta,Kanto,fire,None,10,300,50,85,55,65,65,90
rapidash,Kanto,fire,None,17,950,65,100,70,80,80,105
slowpoke,Kanto,water,psychic,12,360,90,65,65,40,40,15
slowbro,Kanto,water,psychic,16,785,95,75,110,100,80,30
magnemite,Kanto,electric,steel,3,60,25,35,70,95,55,45
magneton,Kanto,electric,steel,10,600,50,60,95,120,70,70
farfetchd,Kanto,normal,flying,8,150,52,90,55,58,62,60
doduo,Kanto,normal,flying,14,392,35,85,45,35,35,75
dodrio,Kanto,normal,flying,18,852,60,110,70,60,60,110
seel,Kanto,water,None,11,900,65,45,55,45,70,45
dewgong,Kanto,water,ice,17,1200,90,70,80,70,95,70
grimer,Kanto,poison,None,9,300,80,80,50,40,50,25
muk,Kanto,poison,None,12,300,105,105,75,65,100,50
shellder,Kanto,water,None,3,40,30,65,100,45,25,40
cloyster,Kanto,water,ice,15,1325,50,95,180,85,45,70
gastly,Kanto,ghost,poison,13,1,30,35,30,100,35,80
haunter,Kanto,ghost,poison,16,1,45,50,45,115,55,95
gengar,Kanto,ghost,poison,15,405,60,65,60,130,75,110
onix,Kanto,rock,ground,88,2100,35,45,160,30,45,70
drowzee,Kanto,psychic,None,10,324,60,48,45,43,90,42
hypno,Kanto,psychic,None,16,756,85,73,70,73,115,67
krabby,Kanto,water,None,4,65,30,105,90,25,25,50
kingler,Kanto,water,None,13,600,55,130,115,50,50,75
voltorb,Kanto,electric,None,5,104,40,30,50,55,55,100
electrode,Kanto,electric,None,12,666,60,50,70,80,80,150
exeggcute,Kanto,grass,psychic,4,25,60,40,80,60,45,40
exeggutor,Kanto,grass,psychic,20,1200,95,95,85,125,75,55
cubone,Kanto,ground,None,4,65,50,50,95,40,50,35
marowak,Kanto,ground,None,10,450,60,80,110,50,80,45
hitmonlee,Kanto,fighting,None,15,498,50,120,53,35,110,87
hitmonchan,Kanto,fighting,None,14,502,50,105,79,35,110,76
lickitung,Kanto,normal,None,12,655,90,55,75,60,75,30
koffing,Kanto,poison,None,6,10,40,65,95,60,45,35
weezing,Kanto,poison,None,12,95,65,90,120,85,70,60
rhyhorn,Kanto,ground,rock,10,1150,80,85,95,30,30,25
rhydon,Kanto,ground,rock,19,1200,105,130,120,45,45,40
chansey,Kanto,normal,None,11,346,250,5,5,35,105,50
tangela,Kanto,grass,None,10,350,65,55,115,100,40,60
kangaskhan,Kanto,normal,None,22,800,105,95,80,40,80,90
horsea,Kanto,water,None,4,80,30,40,70,70,25,60
seadra,Kanto,water,None,12,250,55,65,95,95,45,85
goldeen,Kanto,water,None,6,150,45,67,60,35,50,63
seaking,Kanto,water,None,13,390,80,92,65,65,80,68
staryu,Kanto,water,None,8,345,30,45,55,70,55,85
starmie,Kanto,water,psychic,11,800,60,75,85,100,85,115
mr-mime,Kanto,psychic,fairy,13,545,40,45,65,100,120,90
scyther,Kanto,bug,flying,15,560,70,110,80,55,80,105
jynx,Kanto,ice,psychic,14,406,65,50,35,115,95,95
electabuzz,Kanto,electric,None,11,300,65,83,57,95,85,105
magmar,Kanto,fire,None,13,445,65,95,57,100,85,93
pinsir,Kanto,bug,None,15,550,65,125,100,55,70,85
tauros,Kanto,normal,None,14,884,75,100,95,40,70,110
magikarp,Kanto,water,None,9,100,20,10,55,15,20,80
gyarados,Kanto,water,flying,65,2350,95,125,79,60,100,81
lapras,Kanto,water,ice,25,2200,130,85,80,85,95,60
ditto,Kanto,normal,None,3,40,48,48,48,48,48,48
eevee,Kanto,normal,None,3,65,55,55,50,45,65,55
vaporeon,Kanto,water,None,10,290,130,65,60,110,95,65
jolteon,Kanto,electric,None,8,245,65,65,60,110,95,130
flareon,Kanto,fire,None,9,250,65,130,60,95,110,65
porygon,Kanto,normal,None,8,365,65,60,70,85,75,40
omanyte,Kanto,rock,water,4,75,35,40,100,90,55,35
omastar,Kanto,rock,water,10,350,70,60,125,115,70,55
kabuto,Kanto,rock,water,5,115,30,80,90,55,45,55
kabutops,Kanto,rock,water,13,405,60,115,105,65,70,80
aerodactyl,Kanto,rock,flying,18,590,80,105,65,60,75,130
snorlax,Kanto,normal,None,21,4600,160,110,65,65,110,30
articuno,Kanto,ice,flying,17,554,90,85,100,95,125,85
zapdos,Kanto,electric,flying,16,526,90,90,85,125,90,100
moltres,Kanto,fire,flying,20,600,90,100,90,125,85,90
dratini,Kanto,dragon,None,18,33,41,64,45,50,50,50
dragonair,Kanto,dragon,None,40,165,61,84,65,70,70,70
dragonite,Kanto,dragon,flying,22,2100,91,134,95,100,100,80
mewtwo,Kanto,psychic,None,20,1220,106,110,90,154,90,130
mew,Kanto,psychic,None,4,40,100,100,100,100,100,100
chikorita,Johto,grass,None,9,64,45,49,65,49,65,45
bayleef,Johto,grass,None,12,158,60,62,80,63,80,60
meganium,Johto,grass,None,18,1005,80,82,100,83,100,80
cyndaquil,Johto,fire,None,5,79,39,52,43,60,50,65
quilava,Johto,fire,None,9,190,58,64,58,80,65,80
typhlosion,Johto,fire,None,17,795,78,84,78,109,85,100
totodile,Johto,water,None,6,95,50,65,64,44,48,43
croconaw,Johto,water,None,11,250,65,80,80,59,63,58
feraligatr,Johto,water,None,23,888,85,105,100,79,83,78
sentret,Johto,normal,None,8,60,35,46,34,35,45,20
furret,Johto,normal,None,18,325,85,76,64,45,55,90
hoothoot,Johto,normal,flying,7,212,60,30,30,36,56,50
noctowl,Johto,normal,flying,16,408,100,50,50,86,96,70
ledyba,Johto,bug,flying,10,108,40,20,30,40,80,55
ledian,Johto,bug,flying,14,356,55,35,50,55,110,85
spinarak,Johto,bug,poison,5,85,40,60,40,40,40,30
ariados,Johto,bug,poison,11,335,70,90,70,60,70,40
crobat,Johto,poison,flying,18,750,85,90,80,70,80,130
chinchou,Johto,water,electric,5,120,75,38,38,56,56,67
lanturn,Johto,water,electric,12,225,125,58,58,76,76,67
pichu,Johto,electric,None,3,20,20,40,15,35,35,60
cleffa,Johto,fairy,None,3,30,50,25,28,45,55,15
igglybuff,Johto,normal,fairy,3,10,90,30,15,40,20,15
togepi,Johto,fairy,None,3,15,35,20,65,40,65,20
togetic,Johto,fairy,flying,6,32,55,40,85,80,105,40
natu,Johto,psychic,flying,2,20,40,50,45,70,45,70
xatu,Johto,psychic,flying,15,150,65,75,70,95,70,95
mareep,Johto,electric,None,6,78,55,40,40,65,45,35
flaaffy,Johto,electric,None,8,133,70,55,55,80,60,45
ampharos,Johto,electric,None,14,615,90,75,85,115,90,55
bellossom,Johto,grass,None,4,58,75,80,95,90,100,50
marill,Johto,water,fairy,4,85,70,20,50,20,50,40
azumarill,Johto,water,fairy,8,285,100,50,80,60,80,50
sudowoodo,Johto,rock,None,12,380,70,100,115,30,65,30
politoed,Johto,water,None,11,339,90,75,75,90,100,70
hoppip,Johto,grass,flying,4,5,35,35,40,35,55,50
skiploom,Johto,grass,flying,6,10,55,45,50,45,65,80
jumpluff,Johto,grass,flying,8,30,75,55,70,55,95,110
aipom,Johto,normal,None,8,115,55,70,55,40,55,85
sunkern,Johto,grass,None,3,18,30,30,30,30,30,30
sunflora,Johto,grass,None,8,85,75,75,55,105,85,30
yanma,Johto,bug,flying,12,380,65,65,45,75,45,95
wooper,Johto,water,ground,4,85,55,45,45,25,25,15
quagsire,Johto,water,ground,14,750,95,85,85,65,65,35
espeon,Johto,psychic,None,9,265,65,65,60,130,95,110
umbreon,Johto,dark,None,10,270,95,65,110,60,130,65
murkrow,Johto,dark,flying,5,21,60,85,42,85,42,91
slowking,Johto,water,psychic,20,795,95,75,80,100,110,30
misdreavus,Johto,ghost,None,7,10,60,60,60,85,85,85
unown,Johto,psychic,None,5,50,48,72,48,72,48,48
wobbuffet,Johto,psychic,None,13,285,190,33,58,33,58,33
girafarig,Johto,normal,psychic,15,415,70,80,65,90,65,85
pineco,Johto,bug,None,6,72,50,65,90,35,35,15
forretress,Johto,bug,steel,12,1258,75,90,140,60,60,40
dunsparce,Johto,normal,None,15,140,100,70,70,65,65,45
gligar,Johto,ground,flying,11,648,65,75,105,35,65,85
steelix,Johto,steel,ground,92,4000,75,85,200,55,65,30
snubbull,Johto,fairy,None,6,78,60,80,50,40,40,30
granbull,Johto,fairy,None,14,487,90,120,75,60,60,45
qwilfish,Johto,water,poison,5,39,65,95,85,55,55,85
scizor,Johto,bug,steel,18,1180,70,130,100,55,80,65
shuckle,Johto,bug,rock,6,205,20,10,230,10,230,5
heracross,Johto,bug,fighting,15,540,80,125,75,40,95,85
sneasel,Johto,dark,ice,9,280,55,95,55,35,75,115
teddiursa,Johto,normal,None,6,88,60,80,50,50,50,40
ursaring,Johto,normal,None,18,1258,90,130,75,75,75,55
slugma,Johto,fire,None,7,350,40,40,40,70,40,20
magcargo,Johto,fire,rock,8,550,60,50,120,90,80,30
swinub,Johto,ice,ground,4,65,50,50,40,30,30,50
piloswine,Johto,ice,ground,11,558,100,100,80,60,60,50
corsola,Johto,water,rock,6,50,65,55,95,65,95,35
remoraid,Johto,water,None,6,120,35,65,35,65,35,65
octillery,Johto,water,None,9,285,75,105,75,105,75,45
delibird,Johto,ice,flying,9,160,45,55,45,65,45,75
mantine,Johto,water,flying,21,2200,85,40,70,80,140,70
skarmory,Johto,steel,flying,17,505,65,80,140,40,70,70
houndour,Johto,dark,fire,6,108,45,60,30,80,50,65
houndoom,Johto,dark,fire,14,350,75,90,50,110,80,95
kingdra,Johto,water,dragon,18,1520,75,95,95,95,95,85
phanpy,Johto,ground,None,5,335,90,60,60,40,40,40
donphan,Johto,ground,None,11,1200,90,120,120,60,60,50
porygon2,Johto,normal,None,6,325,85,80,90,105,95,60
stantler,Johto,normal,None,14,712,73,95,62,85,65,85
smeargle,Johto,normal,None,12,580,55,20,35,20,45,75
tyrogue,Johto,fighting,None,7,210,35,35,35,35,35,35
hitmontop,Johto,fighting,None,14,480,50,95,95,35,110,70
smoochum,Johto,ice,psychic,4,60,45,30,15,85,65,65
elekid,Johto,electric,None,6,235,45,63,37,65,55,95
magby,Johto,fire,None,7,214,45,75,37,70,55,83
miltank,Johto,normal,None,12,755,95,80,105,40,70,100
blissey,Johto,normal,None,15,468,255,10,10,75,135,55
raikou,Johto,electric,None,19,1780,90,85,75,115,100,115
entei,Johto,fire,None,21,1980,115,115,85,90,75,100
suicune,Johto,water,None,20,1870,100,75,115,90,115,85
larvitar,Johto,rock,ground,6,720,50,64,50,45,50,41
pupitar,Johto,rock,ground,12,1520,70,84,70,65,70,51
tyranitar,Johto,rock,dark,20,2020,100,134,110,95,100,61
lugia,Johto,psychic,flying,52,2160,106,90,130,90,154,110
ho-oh,Johto,fire,flying,38,1990,106,130,90,110,154,90
celebi,Johto,psychic,grass,6,50,100,100,100,100,100,100
treecko,Hoenn,grass,None,5,50,40,45,35,65,55,70
grovyle,Hoenn,grass,None,9,216,50,65,45,85,65,95
sceptile,Hoenn,grass,None,17,522,70,85,65,105,85,120
torchic,Hoenn,fire,None,4,25,45,60,40,70,50,45
combusken,Hoenn,fire,fighting,9,195,60,85,60,85,60,55
blaziken,Hoenn,fire,fighting,19,520,80,120,70,110,70,80
mudkip,Hoenn,water,None,4,76,50,70,50,50,50,40
marshtomp,Hoenn,water,ground,7,280,70,85,70,60,70,50
swampert,Hoenn,water,ground,15,819,100,110,90,85,90,60
poochyena,Hoenn,dark,None,5,136,35,55,35,30,30,35
mightyena,Hoenn,dark,None,10,370,70,90,70,60,60,70
zigzagoon,Hoenn,normal,None,4,175,38,30,41,30,41,60
linoone,Hoenn,normal,None,5,325,78,70,61,50,61,100
wurmple,Hoenn,bug,None,3,36,45,45,35,20,30,20
silcoon,Hoenn,bug,None,6,100,50,35,55,25,25,15
beautifly,Hoenn,bug,flying,10,284,60,70,50,100,50,65
cascoon,Hoenn,bug,None,7,115,50,35,55,25,25,15
dustox,Hoenn,bug,poison,12,316,60,50,70,50,90,65
lotad,Hoenn,water,grass,5,26,40,30,30,40,50,30
lombre,Hoenn,water,grass,12,325,60,50,50,60,70,50
ludicolo,Hoenn,water,grass,15,550,80,70,70,90,100,70
seedot,Hoenn,grass,None,5,40,40,40,50,30,30,30
nuzleaf,Hoenn,grass,dark,10,280,70,70,40,60,40,60
shiftry,Hoenn,grass,dark,13,596,90,100,60,90,60,80
taillow,Hoenn,normal,flying,3,23,40,55,30,30,30,85
swellow,Hoenn,normal,flying,7,198,60,85,60,75,50,125
wingull,Hoenn,water,flying,6,95,40,30,30,55,30,85
pelipper,Hoenn,water,flying,12,280,60,50,100,95,70,65
ralts,Hoenn,psychic,fairy,4,66,28,25,25,45,35,40
kirlia,Hoenn,psychic,fairy,8,202,38,35,35,65,55,50
gardevoir,Hoenn,psychic,fairy,16,484,68,65,65,125,115,80
surskit,Hoenn,bug,water,5,17,40,30,32,50,52,65
masquerain,Hoenn,bug,flying,8,36,70,60,62,100,82,80
shroomish,Hoenn,grass,None,4,45,60,40,60,40,60,35
breloom,Hoenn,grass,fighting,12,392,60,130,80,60,60,70
slakoth,Hoenn,normal,None,8,240,60,60,60,35,35,30
vigoroth,Hoenn,normal,None,14,465,80,80,80,55,55,90
slaking,Hoenn,normal,None,20,1305,150,160,100,95,65,100
nincada,Hoenn,bug,ground,5,55,31,45,90,30,30,40
ninjask,Hoenn,bug,flying,8,120,61,90,45,50,50,160
shedinja,Hoenn,bug,ghost,8,12,1,90,45,30,30,40
whismur,Hoenn,normal,None,6,163,64,51,23,51,23,28
loudred,Hoenn,normal,None,10,405,84,71,43,71,43,48
exploud,Hoenn,normal,None,15,840,104,91,63,91,73,68
makuhita,Hoenn,fighting,None,10,864,72,60,30,20,30,25
hariyama,Hoenn,fighting,None,23,2538,144,120,60,40,60,50
azurill,Hoenn,normal,fairy,2,20,50,20,40,20,40,20
nosepass,Hoenn,rock,None,10,970,30,45,135,45,90,30
skitty,Hoenn,normal,None,6,110,50,45,45,35,35,50
delcatty,Hoenn,normal,None,11,326,70,65,65,55,55,90
sableye,Hoenn,dark,ghost,5,110,50,75,75,65,65,50
mawile,Hoenn,steel,fairy,6,115,50,85,85,55,55,50
aron,Hoenn,steel,rock,4,600,50,70,100,40,40,30
lairon,Hoenn,steel,rock,9,1200,60,90,140,50,50,40
aggron,Hoenn,steel,rock,21,3600,70,110,180,60,60,50
meditite,Hoenn,fighting,psychic,6,112,30,40,55,40,55,60
medicham,Hoenn,fighting,psychic,13,315,60,60,75,60,75,80
electrike,Hoenn,electric,None,6,152,40,45,40,65,40,65
manectric,Hoenn,electric,None,15,402,70,75,60,105,60,105
plusle,Hoenn,electric,None,4,42,60,50,40,85,75,95
minun,Hoenn,electric,None,4,42,60,40,50,75,85,95
volbeat,Hoenn,bug,None,7,177,65,73,75,47,85,85
illumise,Hoenn,bug,None,6,177,65,47,75,73,85,85
roselia,Hoenn,grass,poison,3,20,50,60,45,100,80,65
gulpin,Hoenn,poison,None,4,103,70,43,53,43,53,40
swalot,Hoenn,poison,None,17,800,100,73,83,73,83,55
carvanha,Hoenn,water,dark,8,208,45,90,20,65,20,65
sharpedo,Hoenn,water,dark,18,888,70,120,40,95,40,95
wailmer,Hoenn,water,None,20,1300,130,70,35,70,35,60
wailord,Hoenn,water,None,145,3980,170,90,45,90,45,60
numel,Hoenn,fire,ground,7,240,60,60,40,65,45,35
camerupt,Hoenn,fire,ground,19,2200,70,100,70,105,75,40
torkoal,Hoenn,fire,None,5,804,70,85,140,85,70,20
spoink,Hoenn,psychic,None,7,306,60,25,35,70,80,60
grumpig,Hoenn,psychic,None,9,715,80,45,65,90,110,80
spinda,Hoenn,normal,None,11,50,60,60,60,60,60,60
trapinch,Hoenn,ground,None,7,150,45,100,45,45,45,10
vibrava,Hoenn,ground,dragon,11,153,50,70,50,50,50,70
flygon,Hoenn,ground,dragon,20,820,80,100,80,80,80,100
cacnea,Hoenn,grass,None,4,513,50,85,40,85,40,35
cacturne,Hoenn,grass,dark,13,774,70,115,60,115,60,55
swablu,Hoenn,normal,flying,4,12,45,40,60,40,75,50
altaria,Hoenn,dragon,flying,11,206,75,70,90,70,105,80
zangoose,Hoenn,normal,None,13,403,73,115,60,60,60,90
seviper,Hoenn,poison,None,27,525,73,100,60,100,60,65
lunatone,Hoenn,rock,psychic,10,1680,90,55,65,95,85,70
solrock,Hoenn,rock,psychic,12,1540,90,95,85,55,65,70
barboach,Hoenn,water,ground,4,19,50,48,43,46,41,60
whiscash,Hoenn,water,ground,9,236,110,78,73,76,71,60
corphish,Hoenn,water,None,6,115,43,80,65,50,35,35
crawdaunt,Hoenn,water,dark,11,328,63,120,85,90,55,55
baltoy,Hoenn,ground,psychic,5,215,40,40,55,40,70,55
claydol,Hoenn,ground,psychic,15,1080,60,70,105,70,120,75
lileep,Hoenn,rock,grass,10,238,66,41,77,61,87,23
cradily,Hoenn,rock,grass,15,604,86,81,97,81,107,43
anorith,Hoenn,rock,bug,7,125,45,95,50,40,50,75
armaldo,Hoenn,rock,bug,15,682,75,125,100,70,80,45
feebas,Hoenn,water,None,6,74,20,15,20,10,55,80
milotic,Hoenn,water,None,62,1620,95,60,79,100,125,81
castform,Hoenn,normal,None,3,8,70,70,70,70,70,70
kecleon,Hoenn,normal,None,10,220,60,90,70,60,120,40
shuppet,Hoenn,ghost,None,6,23,44,75,35,63,33,45
banette,Hoenn,ghost,None,11,125,64,115,65,83,63,65
duskull,Hoenn,ghost,None,8,150,20,40,90,30,90,25
dusclops,Hoenn,ghost,None,16,306,40,70,130,60,130,25
tropius,Hoenn,grass,flying,20,1000,99,68,83,72,87,51
chimecho,Hoenn,psychic,None,6,10,75,50,80,95,90,65
absol,Hoenn,dark,None,12,470,65,130,60,75,60,75
wynaut,Hoenn,psychic,None,6,140,95,23,48,23,48,23
snorunt,Hoenn,ice,None,7,168,50,50,50,50,50,50
glalie,Hoenn,ice,None,15,2565,80,80,80,80,80,80
spheal,Hoenn,ice,water,8,395,70,40,50,55,50,25
sealeo,Hoenn,ice,water,11,876,90,60,70,75,70,45
walrein,Hoenn,ice,water,14,1506,110,80,90,95,90,65
clamperl,Hoenn,water,None,4,525,35,64,85,74,55,32
huntail,Hoenn,water,None,17,270,55,104,105,94,75,52
gorebyss,Hoenn,water,None,18,226,55,84,105,114,75,52
relicanth,Hoenn,water,rock,10,234,100,90,130,45,65,55
luvdisc,Hoenn,water,None,6,87,43,30,55,40,65,97
bagon,Hoenn,dragon,None,6,421,45,75,60,40,30,50
shelgon,Hoenn,dragon,None,11,1105,65,95,100,60,50,50
salamence,Hoenn,dragon,flying,15,1026,95,135,80,110,80,100
beldum,Hoenn,steel,psychic,6,952,40,55,80,35,60,30
metang,Hoenn,steel,psychic,12,2025,60,75,100,55,80,50
metagross,Hoenn,steel,psychic,16,5500,80,135,130,95,90,70
regirock,Hoenn,rock,None,17,2300,80,100,200,50,100,50
regice,Hoenn,ice,None,18,1750,80,50,100,100,200,50
registeel,Hoenn,steel,None,19,2050,80,75,150,75,150,50
latias,Hoenn,dragon,psychic,14,400,80,80,90,110,130,110
latios,Hoenn,dragon,psychic,20,600,80,90,80,130,110,110
kyogre,Hoenn,water,None,45,3520,100,100,90,150,140,90
groudon,Hoenn,ground,None,35,9500,100,150,140,100,90,90
rayquaza,Hoenn,dragon,flying,70,2065,105,150,90,150,90,95
jirachi,Hoenn,steel,psychic,3,11,100,100,100,100,100,100
deoxys-normal,Hoenn,psychic,None,17,608,50,150,50,150,50,150
turtwig,Sinnoh,grass,None,4,102,55,68,64,45,55,31
grotle,Sinnoh,grass,None,11,970,75,89,85,55,65,36
torterra,Sinnoh,grass,ground,22,3100,95,109,105,75,85,56
chimchar,Sinnoh,fire,None,5,62,44,58,44,58,44,61
monferno,Sinnoh,fire,fighting,9,220,64,78,52,78,52,81
infernape,Sinnoh,fire,fighting,12,550,76,104,71,104,71,108
piplup,Sinnoh,water,None,4,52,53,51,53,61,56,40
prinplup,Sinnoh,water,None,8,230,64,66,68,81,76,50
empoleon,Sinnoh,water,steel,17,845,84,86,88,111,101,60
starly,Sinnoh,normal,flying,3,20,40,55,30,30,30,60
staravia,Sinnoh,normal,flying,6,155,55,75,50,40,40,80
staraptor,Sinnoh,normal,flying,12,249,85,120,70,50,60,100
bidoof,Sinnoh,normal,None,5,200,59,45,40,35,40,31
bibarel,Sinnoh,normal,water,10,315,79,85,60,55,60,71
kricketot,Sinnoh,bug,None,3,22,37,25,41,25,41,25
kricketune,Sinnoh,bug,None,10,255,77,85,51,55,51,65
shinx,Sinnoh,electric,None,5,95,45,65,34,40,34,45
luxio,Sinnoh,electric,None,9,305,60,85,49,60,49,60
luxray,Sinnoh,electric,None,14,420,80,120,79,95,79,70
budew,Sinnoh,grass,poison,2,12,40,30,35,50,70,55
roserade,Sinnoh,grass,poison,9,145,60,70,65,125,105,90
cranidos,Sinnoh,rock,None,9,315,67,125,40,30,30,58
rampardos,Sinnoh,rock,None,16,1025,97,165,60,65,50,58
shieldon,Sinnoh,rock,steel,5,570,30,42,118,42,88,30
bastiodon,Sinnoh,rock,steel,13,1495,60,52,168,47,138,30
burmy,Sinnoh,bug,None,2,34,40,29,45,29,45,36
wormadam-plant,Sinnoh,bug,grass,5,65,60,59,85,79,105,36
mothim,Sinnoh,bug,flying,9,233,70,94,50,94,50,66
combee,Sinnoh,bug,flying,3,55,30,30,42,30,42,70
vespiquen,Sinnoh,bug,flying,12,385,70,80,102,80,102,40
pachirisu,Sinnoh,electric,None,4,39,60,45,70,45,90,95
buizel,Sinnoh,water,None,7,295,55,65,35,60,30,85
floatzel,Sinnoh,water,None,11,335,85,105,55,85,50,115
cherubi,Sinnoh,grass,None,4,33,45,35,45,62,53,35
cherrim,Sinnoh,grass,None,5,93,70,60,70,87,78,85
shellos,Sinnoh,water,None,3,63,76,48,48,57,62,34
gastrodon,Sinnoh,water,ground,9,299,111,83,68,92,82,39
ambipom,Sinnoh,normal,None,12,203,75,100,66,60,66,115
drifloon,Sinnoh,ghost,flying,4,12,90,50,34,60,44,70
drifblim,Sinnoh,ghost,flying,12,150,150,80,44,90,54,80
buneary,Sinnoh,normal,None,4,55,55,66,44,44,56,85
lopunny,Sinnoh,normal,None,12,333,65,76,84,54,96,105
mismagius,Sinnoh,ghost,None,9,44,60,60,60,105,105,105
honchkrow,Sinnoh,dark,flying,9,273,100,125,52,105,52,71
glameow,Sinnoh,normal,None,5,39,49,55,42,42,37,85
purugly,Sinnoh,normal,None,10,438,71,82,64,64,59,112
chingling,Sinnoh,psychic,None,2,6,45,30,50,65,50,45
stunky,Sinnoh,poison,dark,4,192,63,63,47,41,41,74
skuntank,Sinnoh,poison,dark,10,380,103,93,67,71,61,84
bronzor,Sinnoh,steel,psychic,5,605,57,24,86,24,86,23
bronzong,Sinnoh,steel,psychic,13,1870,67,89,116,79,116,33
bonsly,Sinnoh,rock,None,5,150,50,80,95,10,45,10
mime-jr,Sinnoh,psychic,fairy,6,130,20,25,45,70,90,60
happiny,Sinnoh,normal,None,6,244,100,5,5,15,65,30
chatot,Sinnoh,normal,flying,5,19,76,65,45,92,42,91
spiritomb,Sinnoh,ghost,dark,10,1080,50,92,108,92,108,35
gible,Sinnoh,dragon,ground,7,205,58,70,45,40,45,42
gabite,Sinnoh,dragon,ground,14,560,68,90,65,50,55,82
garchomp,Sinnoh,dragon,ground,19,950,108,130,95,80,85,102
munchlax,Sinnoh,normal,None,6,1050,135,85,40,40,85,5
riolu,Sinnoh,fighting,None,7,202,40,70,40,35,40,60
lucario,Sinnoh,fighting,steel,12,540,70,110,70,115,70,90
hippopotas,Sinnoh,ground,None,8,495,68,72,78,38,42,32
hippowdon,Sinnoh,ground,None,20,3000,108,112,118,68,72,47
skorupi,Sinnoh,poison,bug,8,120,40,50,90,30,55,65
drapion,Sinnoh,poison,dark,13,615,70,90,110,60,75,95
croagunk,Sinnoh,poison,fighting,7,230,48,61,40,61,40,50
toxicroak,Sinnoh,poison,fighting,13,444,83,106,65,86,65,85
carnivine,Sinnoh,grass,None,14,270,74,100,72,90,72,46
finneon,Sinnoh,water,None,4,70,49,49,56,49,61,66
lumineon,Sinnoh,water,None,12,240,69,69,76,69,86,91
mantyke,Sinnoh,water,flying,10,650,45,20,50,60,120,50
snover,Sinnoh,grass,ice,10,505,60,62,50,62,60,40
abomasnow,Sinnoh,grass,ice,22,1355,90,92,75,92,85,60
weavile,Sinnoh,dark,ice,11,340,70,120,65,45,85,125
magnezone,Sinnoh,electric,steel,12,1800,70,70,115,130,90,60
lickilicky,Sinnoh,normal,None,17,1400,110,85,95,80,95,50
rhyperior,Sinnoh,ground,rock,24,2828,115,140,130,55,55,40
tangrowth,Sinnoh,grass,None,20,1286,100,100,125,110,50,50
electivire,Sinnoh,electric,None,18,1386,75,123,67,95,85,95
magmortar,Sinnoh,fire,None,16,680,75,95,67,125,95,83
togekiss,Sinnoh,fairy,flying,15,380,85,50,95,120,115,80
yanmega,Sinnoh,bug,flying,19,515,86,76,86,116,56,95
leafeon,Sinnoh,grass,None,10,255,65,110,130,60,65,95
glaceon,Sinnoh,ice,None,8,259,65,60,110,130,95,65
gliscor,Sinnoh,ground,flying,20,425,75,95,125,45,75,95
mamoswine,Sinnoh,ice,ground,25,2910,110,130,80,70,60,80
porygon-z,Sinnoh,normal,None,9,340,85,80,70,135,75,90
gallade,Sinnoh,psychic,fighting,16,520,68,125,65,65,115,80
probopass,Sinnoh,rock,steel,14,3400,60,55,145,75,150,40
dusknoir,Sinnoh,ghost,None,22,1066,45,100,135,65,135,45
froslass,Sinnoh,ice,ghost,13,266,70,80,70,80,70,110
rotom,Sinnoh,electric,ghost,3,3,50,50,77,95,77,91
uxie,Sinnoh,psychic,None,3,3,75,75,130,75,130,95
mesprit,Sinnoh,psychic,None,3,3,80,105,105,105,105,80
azelf,Sinnoh,psychic,None,3,3,75,125,70,125,70,115
dialga,Sinnoh,steel,dragon,54,6830,100,120,120,150,100,90
palkia,Sinnoh,water,dragon,42,3360,90,120,100,150,120,100
heatran,Sinnoh,fire,steel,17,4300,91,90,106,130,106,77
regigigas,Sinnoh,normal,None,37,4200,110,160,110,80,110,100
giratina-altered,Sinnoh,ghost,dragon,45,7500,150,100,120,100,120,90
cresselia,Sinnoh,psychic,None,15,856,120,70,110,75,120,85
phione,Sinnoh,water,None,4,31,80,80,80,80,80,80
manaphy,Sinnoh,water,None,3,14,100,100,100,100,100,100
darkrai,Sinnoh,dark,None,15,505,70,90,90,135,90,125
shaymin-land,Sinnoh,grass,None,2,21,100,100,100,100,100,100
arceus,Sinnoh,normal,None,32,3200,120,120,120,120,120,120
victini,Unova,psychic,fire,4,40,100,100,100,100,100,100
snivy,Unova,grass,None,6,81,45,45,55,45,55,63
servine,Unova,grass,None,8,160,60,60,75,60,75,83
serperior,Unova,grass,None,33,630,75,75,95,75,95,113
tepig,Unova,fire,None,5,99,65,63,45,45,45,45
pignite,Unova,fire,fighting,10,555,90,93,55,70,55,55
emboar,Unova,fire,fighting,16,1500,110,123,65,100,65,65
oshawott,Unova,water,None,5,59,55,55,45,63,45,45
dewott,Unova,water,None,8,245,75,75,60,83,60,60
samurott,Unova,water,None,15,946,95,100,85,108,70,70
patrat,Unova,normal,None,5,116,45,55,39,35,39,42
watchog,Unova,normal,None,11,270,60,85,69,60,69,77
lillipup,Unova,normal,None,4,41,45,60,45,25,45,55
herdier,Unova,normal,None,9,147,65,80,65,35,65,60
stoutland,Unova,normal,None,12,610,85,110,90,45,90,80
purrloin,Unova,dark,None,4,101,41,50,37,50,37,66
liepard,Unova,dark,None,11,375,64,88,50,88,50,106
pansage,Unova,grass,None,6,105,50,53,48,53,48,64
simisage,Unova,grass,None,11,305,75,98,63,98,63,101
pansear,Unova,fire,None,6,110,50,53,48,53,48,64
simisear,Unova,fire,None,10,280,75,98,63,98,63,101
panpour,Unova,water,None,6,135,50,53,48,53,48,64
simipour,Unova,water,None,10,290,75,98,63,98,63,101
munna,Unova,psychic,None,6,233,76,25,45,67,55,24
musharna,Unova,psychic,None,11,605,116,55,85,107,95,29
pidove,Unova,normal,flying,3,21,50,55,50,36,30,43
tranquill,Unova,normal,flying,6,150,62,77,62,50,42,65
unfezant,Unova,normal,flying,12,290,80,115,80,65,55,93
blitzle,Unova,electric,None,8,298,45,60,32,50,32,76
zebstrika,Unova,electric,None,16,795,75,100,63,80,63,116
roggenrola,Unova,rock,None,4,180,55,75,85,25,25,15
boldore,Unova,rock,None,9,1020,70,105,105,50,40,20
gigalith,Unova,rock,None,17,2600,85,135,130,60,80,25
woobat,Unova,psychic,flying,4,21,65,45,43,55,43,72
swoobat,Unova,psychic,flying,9,105,67,57,55,77,55,114
drilbur,Unova,ground,None,3,85,60,85,40,30,45,68
excadrill,Unova,ground,steel,7,404,110,135,60,50,65,88
audino,Unova,normal,None,11,310,103,60,86,60,86,50
timburr,Unova,fighting,None,6,125,75,80,55,25,35,35
gurdurr,Unova,fighting,None,12,400,85,105,85,40,50,40
conkeldurr,Unova,fighting,None,14,870,105,140,95,55,65,45
tympole,Unova,water,None,5,45,50,50,40,50,40,64
palpitoad,Unova,water,ground,8,170,75,65,55,65,55,69
seismitoad,Unova,water,ground,15,620,105,95,75,85,75,74
throh,Unova,fighting,None,13,555,120,100,85,30,85,45
sawk,Unova,fighting,None,14,510,75,125,75,30,75,85
sewaddle,Unova,bug,grass,3,25,45,53,70,40,60,42
swadloon,Unova,bug,grass,5,73,55,63,90,50,80,42
leavanny,Unova,bug,grass,12,205,75,103,80,70,80,92
venipede,Unova,bug,poison,4,53,30,45,59,30,39,57
whirlipede,Unova,bug,poison,12,585,40,55,99,40,79,47
scolipede,Unova,bug,poison,25,2005,60,100,89,55,69,112
cottonee,Unova,grass,fairy,3,6,40,27,60,37,50,66
whimsicott,Unova,grass,fairy,7,66,60,67,85,77,75,116
petilil,Unova,grass,None,5,66,45,35,50,70,50,30
lilligant,Unova,grass,None,11,163,70,60,75,110,75,90
basculin-red-striped,Unova,water,None,10,180,70,92,65,80,55,98
sandile,Unova,ground,dark,7,152,50,72,35,35,35,65
krokorok,Unova,ground,dark,10,334,60,82,45,45,45,74
krookodile,Unova,ground,dark,15,963,95,117,80,65,70,92
darumaka,Unova,fire,None,6,375,70,90,45,15,45,50
darmanitan-standard,Unova,fire,None,13,929,105,140,55,30,55,95
maractus,Unova,grass,None,10,280,75,86,67,106,67,60
dwebble,Unova,bug,rock,3,145,50,65,85,35,35,55
crustle,Unova,bug,rock,14,2000,70,105,125,65,75,45
scraggy,Unova,dark,fighting,6,118,50,75,70,35,70,48
scrafty,Unova,dark,fighting,11,300,65,90,115,45,115,58
sigilyph,Unova,psychic,flying,14,140,72,58,80,103,80,97
yamask,Unova,ghost,None,5,15,38,30,85,55,65,30
cofagrigus,Unova,ghost,None,17,765,58,50,145,95,105,30
tirtouga,Unova,water,rock,7,165,54,78,103,53,45,22
carracosta,Unova,water,rock,12,810,74,108,133,83,65,32
archen,Unova,rock,flying,5,95,55,112,45,74,45,70
archeops,Unova,rock,flying,14,320,75,140,65,112,65,110
trubbish,Unova,poison,None,6,310,50,50,62,40,62,65
garbodor,Unova,poison,None,19,1073,80,95,82,60,82,75
zorua,Unova,dark,None,7,125,40,65,40,80,40,65
zoroark,Unova,dark,None,16,811,60,105,60,120,60,105
minccino,Unova,normal,None,4,58,55,50,40,40,40,75
cinccino,Unova,normal,None,5,75,75,95,60,65,60,115
gothita,Unova,psychic,None,4,58,45,30,50,55,65,45
gothorita,Unova,psychic,None,7,180,60,45,70,75,85,55
gothitelle,Unova,psychic,None,15,440,70,55,95,95,110,65
solosis,Unova,psychic,None,3,10,45,30,40,105,50,20
duosion,Unova,psychic,None,6,80,65,40,50,125,60,30
reuniclus,Unova,psychic,None,10,201,110,65,75,125,85,30
ducklett,Unova,water,flying,5,55,62,44,50,44,50,55
swanna,Unova,water,flying,13,242,75,87,63,87,63,98
vanillite,Unova,ice,None,4,57,36,50,50,65,60,44
vanillish,Unova,ice,None,11,410,51,65,65,80,75,59
vanilluxe,Unova,ice,None,13,575,71,95,85,110,95,79
deerling,Unova,normal,grass,6,195,60,60,50,40,50,75
sawsbuck,Unova,normal,grass,19,925,80,100,70,60,70,95
emolga,Unova,electric,flying,4,50,55,75,60,75,60,103
karrablast,Unova,bug,None,5,59,50,75,45,40,45,60
escavalier,Unova,bug,steel,10,330,70,135,105,60,105,20
foongus,Unova,grass,poison,2,10,69,55,45,55,55,15
amoonguss,Unova,grass,poison,6,105,114,85,70,85,80,30
frillish,Unova,water,ghost,12,330,55,40,50,65,85,40
jellicent,Unova,water,ghost,22,1350,100,60,70,85,105,60
alomomola,Unova,water,None,12,316,165,75,80,40,45,65
joltik,Unova,bug,electric,1,6,50,47,50,57,50,65
galvantula,Unova,bug,electric,8,143,70,77,60,97,60,108
ferroseed,Unova,grass,steel,6,188,44,50,91,24,86,10
ferrothorn,Unova,grass,steel,10,1100,74,94,131,54,116,20
klink,Unova,steel,None,3,210,40,55,70,45,60,30
klang,Unova,steel,None,6,510,60,80,95,70,85,50
klinklang,Unova,steel,None,6,810,60,100,115,70,85,90
tynamo,Unova,electric,None,2,3,35,55,40,45,40,60
eelektrik,Unova,electric,None,12,220,65,85,70,75,70,40
eelektross,Unova,electric,None,21,805,85,115,80,105,80,50
elgyem,Unova,psychic,None,5,90,55,55,55,85,55,30
beheeyem,Unova,psychic,None,10,345,75,75,75,125,95,40
litwick,Unova,ghost,fire,3,31,50,30,55,65,55,20
lampent,Unova,ghost,fire,6,130,60,40,60,95,60,55
chandelure,Unova,ghost,fire,10,343,60,55,90,145,90,80
axew,Unova,dragon,None,6,180,46,87,60,30,40,57
fraxure,Unova,dragon,None,10,360,66,117,70,40,50,67
haxorus,Unova,dragon,None,18,1055,76,147,90,60,70,97
cubchoo,Unova,ice,None,5,85,55,70,40,60,40,40
beartic,Unova,ice,None,26,2600,95,130,80,70,80,50
cryogonal,Unova,ice,None,11,1480,80,50,50,95,135,105
shelmet,Unova,bug,None,4,77,50,40,85,40,65,25
accelgor,Unova,bug,None,8,253,80,70,40,100,60,145
stunfisk,Unova,ground,electric,7,110,109,66,84,81,99,32
mienfoo,Unova,fighting,None,9,200,45,85,50,55,50,65
mienshao,Unova,fighting,None,14,355,65,125,60,95,60,105
druddigon,Unova,dragon,None,16,1390,77,120,90,60,90,48
golett,Unova,ground,ghost,10,920,59,74,50,35,50,35
golurk,Unova,ground,ghost,28,3300,89,124,80,55,80,55
pawniard,Unova,dark,steel,5,102,45,85,70,40,40,60
bisharp,Unova,dark,steel,16,700,65,125,100,60,70,70
bouffalant,Unova,normal,None,16,946,95,110,95,40,95,55
rufflet,Unova,normal,flying,5,105,70,83,50,37,50,60
braviary,Unova,normal,flying,15,410,100,123,75,57,75,80
vullaby,Unova,dark,flying,5,90,70,55,75,45,65,60
mandibuzz,Unova,dark,flying,12,395,110,65,105,55,95,80
heatmor,Unova,fire,None,14,580,85,97,66,105,66,65
durant,Unova,bug,steel,3,330,58,109,112,48,48,109
deino,Unova,dark,dragon,8,173,52,65,50,45,50,38
zweilous,Unova,dark,dragon,14,500,72,85,70,65,70,58
hydreigon,Unova,dark,dragon,18,1600,92,105,90,125,90,98
larvesta,Unova,bug,fire,11,288,55,85,55,50,55,60
volcarona,Unova,bug,fire,16,460,85,60,65,135,105,100
cobalion,Unova,steel,fighting,21,2500,91,90,129,90,72,108
terrakion,Unova,rock,fighting,19,2600,91,129,90,72,90,108
virizion,Unova,grass,fighting,20,2000,91,90,72,90,129,108
tornadus-incarnate,Unova,flying,None,15,630,79,115,70,125,80,111
thundurus-incarnate,Unova,electric,flying,15,610,79,115,70,125,80,111
reshiram,Unova,dragon,fire,32,3300,100,120,100,150,120,90
zekrom,Unova,dragon,electric,29,3450,100,150,120,120,100,90
landorus-incarnate,Unova,ground,flying,15,680,89,125,90,115,80,101
kyurem,Unova,dragon,ice,30,3250,125,130,90,130,90,95
keldeo-ordinary,Unova,water,fighting,14,485,91,72,90,129,90,108
meloetta-aria,Unova,normal,psychic,6,65,100,77,77,128,128,90
genesect,Unova,bug,steel,15,825,71,120,95,120,95,99
chespin,Kalos,grass,None,4,90,56,61,65,48,45,38
quilladin,Kalos,grass,None,7,290,61,78,95,56,58,57
chesnaught,Kalos,grass,fighting,16,900,88,107,122,74,75,64
fennekin,Kalos,fire,None,4,94,40,45,40,62,60,60
braixen,Kalos,fire,None,10,145,59,59,58,90,70,73
delphox,Kalos,fire,psychic,15,390,75,69,72,114,100,104
froakie,Kalos,water,None,3,70,41,56,40,62,44,71
frogadier,Kalos,water,None,6,109,54,63,52,83,56,97
greninja,Kalos,water,dark,15,400,72,95,67,103,71,122
bunnelby,Kalos,normal,None,4,50,38,36,38,32,36,57
diggersby,Kalos,normal,ground,10,424,85,56,77,50,77,78
fletchling,Kalos,normal,flying,3,17,45,50,43,40,38,62
fletchinder,Kalos,fire,flying,7,160,62,73,55,56,52,84
talonflame,Kalos,fire,flying,12,245,78,81,71,74,69,126
scatterbug,Kalos,bug,None,3,25,38,35,40,27,25,35
spewpa,Kalos,bug,None,3,84,45,22,60,27,30,29
vivillon,Kalos,bug,flying,12,170,80,52,50,90,50,89
litleo,Kalos,fire,normal,6,135,62,50,58,73,54,72
pyroar,Kalos,fire,normal,15,815,86,68,72,109,66,106
flabebe,Kalos,fairy,None,1,1,44,38,39,61,79,42
floette,Kalos,fairy,None,2,9,54,45,47,75,98,52
florges,Kalos,fairy,None,11,100,78,65,68,112,154,75
skiddo,Kalos,grass,None,9,310,66,65,48,62,57,52
gogoat,Kalos,grass,None,17,910,123,100,62,97,81,68
pancham,Kalos,fighting,None,6,80,67,82,62,46,48,43
pangoro,Kalos,fighting,dark,21,1360,95,124,78,69,71,58
furfrou,Kalos,normal,None,12,280,75,80,60,65,90,102
espurr,Kalos,psychic,None,3,35,62,48,54,63,60,68
meowstic-male,Kalos,psychic,None,6,85,74,48,76,83,81,104
honedge,Kalos,steel,ghost,8,20,45,80,100,35,37,28
doublade,Kalos,steel,ghost,8,45,59,110,150,45,49,35
aegislash-shield,Kalos,steel,ghost,17,530,60,50,140,50,140,60
spritzee,Kalos,fairy,None,2,5,78,52,60,63,65,23
aromatisse,Kalos,fairy,None,8,155,101,72,72,99,89,29
swirlix,Kalos,fairy,None,4,35,62,48,66,59,57,49
slurpuff,Kalos,fairy,None,8,50,82,80,86,85,75,72
inkay,Kalos,dark,psychic,4,35,53,54,53,37,46,45
malamar,Kalos,dark,psychic,15,470,86,92,88,68,75,73
binacle,Kalos,rock,water,5,310,42,52,67,39,56,50
barbaracle,Kalos,rock,water,13,960,72,105,115,54,86,68
skrelp,Kalos,poison,water,5,73,50,60,60,60,60,30
dragalge,Kalos,poison,dragon,18,815,65,75,90,97,123,44
clauncher,Kalos,water,None,5,83,50,53,62,58,63,44
clawitzer,Kalos,water,None,13,353,71,73,88,120,89,59
helioptile,Kalos,electric,normal,5,60,44,38,33,61,43,70
heliolisk,Kalos,electric,normal,10,210,62,55,52,109,94,109
tyrunt,Kalos,rock,dragon,8,260,58,89,77,45,45,48
tyrantrum,Kalos,rock,dragon,25,2700,82,121,119,69,59,71
amaura,Kalos,rock,ice,13,252,77,59,50,67,63,46
aurorus,Kalos,rock,ice,27,2250,123,77,72,99,92,58
sylveon,Kalos,fairy,None,10,235,95,65,65,110,130,60
hawlucha,Kalos,fighting,flying,8,215,78,92,75,74,63,118
dedenne,Kalos,electric,fairy,2,22,67,58,57,81,67,101
carbink,Kalos,rock,fairy,3,57,50,50,150,50,150,50
goomy,Kalos,dragon,None,3,28,45,50,35,55,75,40
sliggoo,Kalos,dragon,None,8,175,68,75,53,83,113,60
goodra,Kalos,dragon,None,20,1505,90,100,70,110,150,80
klefki,Kalos,steel,fairy,2,30,57,80,91,80,87,75
phantump,Kalos,ghost,grass,4,70,43,70,48,50,60,38
trevenant,Kalos,ghost,grass,15,710,85,110,76,65,82,56
pumpkaboo-average,Kalos,ghost,grass,4,50,49,66,70,44,55,51
gourgeist-average,Kalos,ghost,grass,9,125,65,90,122,58,75,84
bergmite,Kalos,ice,None,10,995,55,69,85,32,35,28
avalugg,Kalos,ice,None,20,5050,95,117,184,44,46,28
noibat,Kalos,flying,dragon,5,80,40,30,35,45,40,55
noivern,Kalos,flying,dragon,15,850,85,70,80,97,80,123
xerneas,Kalos,fairy,None,30,2150,126,131,95,131,98,99
yveltal,Kalos,dark,flying,58,2030,126,131,95,131,98,99
zygarde-50,Kalos,dragon,ground,50,3050,108,100,121,81,95,95
diancie,Kalos,rock,fairy,7,88,50,100,150,100,150,50
hoopa,Kalos,psychic,ghost,5,90,80,110,60,150,130,70
volcanion,Kalos,fire,water,17,1950,80,110,120,130,90,70
rowlet,Alola,grass,flying,3,15,68,55,55,50,50,42
dartrix,Alola,grass,flying,7,160,78,75,75,70,70,52
decidueye,Alola,grass,ghost,16,366,78,107,75,100,100,70
litten,Alola,fire,None,4,43,45,65,40,60,40,70
torracat,Alola,fire,None,7,250,65,85,50,80,50,90
incineroar,Alola,fire,dark,18,830,95,115,90,80,90,60
popplio,Alola,water,None,4,75,50,54,54,66,56,40
brionne,Alola,water,None,6,175,60,69,69,91,81,50
primarina,Alola,water,fairy,18,440,80,74,74,126,116,60
pikipek,Alola,normal,flying,3,12,35,75,30,30,30,65
trumbeak,Alola,normal,flying,6,148,55,85,50,40,50,75
toucannon,Alola,normal,flying,11,260,80,120,75,75,75,60
yungoos,Alola,normal,None,4,60,48,70,30,30,30,45
gumshoos,Alola,normal,None,7,142,88,110,60,55,60,45
grubbin,Alola,bug,None,4,44,47,62,45,55,45,46
charjabug,Alola,bug,electric,5,105,57,82,95,55,75,36
vikavolt,Alola,bug,electric,15,450,77,70,90,145,75,43
crabrawler,Alola,fighting,None,6,70,47,82,57,42,47,63
crabominable,Alola,fighting,ice,17,1800,97,132,77,62,67,43
oricorio-baile,Alola,fire,flying,6,34,75,70,70,98,70,93
cutiefly,Alola,bug,fairy,1,2,40,45,40,55,40,84
ribombee,Alola,bug,fairy,2,5,60,55,60,95,70,124
rockruff,Alola,rock,None,5,92,45,65,40,30,40,60
lycanroc-midday,Alola,rock,None,8,250,75,115,65,55,65,112
wishiwashi-solo,Alola,water,None,2,3,45,20,20,25,25,40
mareanie,Alola,poison,water,4,80,50,53,62,43,52,45
toxapex,Alola,poison,water,7,145,50,63,152,53,142,35
mudbray,Alola,ground,None,10,1100,70,100,70,45,55,45
mudsdale,Alola,ground,None,25,9200,100,125,100,55,85,35
dewpider,Alola,water,bug,3,40,38,40,52,40,72,27
araquanid,Alola,water,bug,18,820,68,70,92,50,132,42
fomantis,Alola,grass,None,3,15,40,55,35,50,35,35
lurantis,Alola,grass,None,9,185,70,105,90,80,90,45
morelull,Alola,grass,fairy,2,15,40,35,55,65,75,15
shiinotic,Alola,grass,fairy,10,115,60,45,80,90,100,30
salandit,Alola,poison,fire,6,48,48,44,40,71,40,77
salazzle,Alola,poison,fire,12,222,68,64,60,111,60,117
stufful,Alola,normal,fighting,5,68,70,75,50,45,50,50
bewear,Alola,normal,fighting,21,1350,120,125,80,55,60,60
bounsweet,Alola,grass,None,3,32,42,30,38,30,38,32
steenee,Alola,grass,None,7,82,52,40,48,40,48,62
tsareena,Alola,grass,None,12,214,72,120,98,50,98,72
comfey,Alola,fairy,None,1,3,51,52,90,82,110,100
oranguru,Alola,normal,psychic,15,760,90,60,80,90,110,60
passimian,Alola,fighting,None,20,828,100,120,90,40,60,80
wimpod,Alola,bug,water,5,120,25,35,40,20,30,80
golisopod,Alola,bug,water,20,1080,75,125,140,60,90,40
sandygast,Alola,ghost,ground,5,700,55,55,80,70,45,15
palossand,Alola,ghost,ground,13,2500,85,75,110,100,75,35
pyukumuku,Alola,water,None,3,12,55,60,130,30,130,5
type-null,Alola,normal,None,19,1205,95,95,95,95,95,59
silvally,Alola,normal,None,23,1005,95,95,95,95,95,95
minior-red-meteor,Alola,rock,flying,3,400,60,60,100,60,100,60
komala,Alola,normal,None,4,199,65,115,65,75,95,65
turtonator,Alola,fire,dragon,20,2120,60,78,135,91,85,36
togedemaru,Alola,electric,steel,3,33,65,98,63,40,73,96
mimikyu-disguised,Alola,ghost,fairy,2,7,55,90,80,50,105,96
bruxish,Alola,water,psychic,9,190,68,105,70,70,70,92
drampa,Alola,normal,dragon,30,1850,78,60,85,135,91,36
dhelmise,Alola,ghost,grass,39,2100,70,131,100,86,90,40
jangmo-o,Alola,dragon,None,6,297,45,55,65,45,45,45
hakamo-o,Alola,dragon,fighting,12,470,55,75,90,65,70,65
kommo-o,Alola,dragon,fighting,16,782,75,110,125,100,105,85
tapu-koko,Alola,electric,fairy,18,205,70,115,85,95,75,130
tapu-lele,Alola,psychic,fairy,12,186,70,85,75,130,115,95
tapu-bulu,Alola,grass,fairy,19,455,70,130,115,85,95,75
tapu-fini,Alola,water,fairy,13,212,70,75,115,95,130,85
cosmog,Alola,psychic,None,2,1,43,29,31,29,31,37
cosmoem,Alola,psychic,None,1,9999,43,29,131,29,131,37
solgaleo,Alola,psychic,steel,34,2300,137,137,107,113,89,97
lunala,Alola,psychic,ghost,40,1200,137,113,89,137,107,97
nihilego,Alola,rock,poison,12,555,109,53,47,127,131,103
buzzwole,Alola,bug,fighting,24,3336,107,139,139,53,53,79
pheromosa,Alola,bug,fighting,18,250,71,137,37,137,37,151
xurkitree,Alola,electric,None,38,1000,83,89,71,173,71,83
celesteela,Alola,steel,flying,92,9999,97,101,103,107,101,61
kartana,Alola,grass,steel,3,1,59,181,131,59,31,109
guzzlord,Alola,dark,dragon,55,8880,223,101,53,97,53,43
necrozma,Alola,psychic,None,24,2300,97,107,101,127,89,79
magearna,Alola,steel,fairy,10,805,80,95,115,130,115,65
marshadow,Alola,fighting,ghost,7,222,90,125,80,90,90,125
poipole,Alola,poison,None,6,18,67,73,67,73,67,73
naganadel,Alola,poison,dragon,36,1500,73,73,73,127,73,121
stakataka,Alola,rock,steel,55,8200,61,131,211,53,101,13
blacephalon,Alola,fire,ghost,18,130,53,127,53,151,79,107
zeraora,Alola,electric,None,15,445,88,112,75,102,80,143
meltan,Alola,steel,None,2,80,46,65,65,55,35,34
melmetal,Alola,steel,None,25,8000,135,143,143,80,65,34
grookey,Galar,grass,None,3,50,50,65,50,40,40,65
thwackey,Galar,grass,None,7,140,70,85,70,55,60,80
rillaboom,Galar,grass,None,21,900,100,125,90,60,70,85
scorbunny,Galar,fire,None,3,45,50,71,40,40,40,69
raboot,Galar,fire,None,6,90,65,86,60,55,60,94
cinderace,Galar,fire,None,14,330,80,116,75,65,75,119
sobble,Galar,water,None,3,40,50,40,40,70,40,70
drizzile,Galar,water,None,7,115,65,60,55,95,55,90
inteleon,Galar,water,None,19,452,70,85,65,125,65,120
skwovet,Galar,normal,None,3,25,70,55,55,35,35,25
greedent,Galar,normal,None,6,60,120,95,95,55,75,20
rookidee,Galar,flying,None,2,18,38,47,35,33,35,57
corvisquire,Galar,flying,None,8,160,68,67,55,43,55,77
corviknight,Galar,flying,steel,22,750,98,87,105,53,85,67
blipbug,Galar,bug,None,4,80,25,20,20,25,45,45
dottler,Galar,bug,psychic,4,195,50,35,80,50,90,30
orbeetle,Galar,bug,psychic,4,408,60,45,110,80,120,90
nickit,Galar,dark,None,6,89,40,28,28,47,52,50
thievul,Galar,dark,None,12,199,70,58,58,87,92,90
gossifleur,Galar,grass,None,4,22,40,40,60,40,60,10
eldegoss,Galar,grass,None,5,25,60,50,90,80,120,60
wooloo,Galar,normal,None,6,60,42,40,55,40,45,48
dubwool,Galar,normal,None,13,430,72,80,100,60,90,88
chewtle,Galar,water,None,3,85,50,64,50,38,38,44
drednaw,Galar,water,rock,10,1155,90,115,90,48,68,74
yamper,Galar,electric,None,3,135,59,45,50,40,50,26
boltund,Galar,electric,None,10,340,69,90,60,90,60,121
rolycoly,Galar,rock,None,3,120,30,40,50,40,50,30
carkol,Galar,rock,fire,11,780,80,60,90,60,70,50
coalossal,Galar,rock,fire,28,3105,110,80,120,80,90,30
applin,Galar,grass,dragon,2,5,40,40,80,40,40,20
flapple,Galar,grass,dragon,3,10,70,110,80,95,60,70
appletun,Galar,grass,dragon,4,130,110,85,80,100,80,30
silicobra,Galar,ground,None,22,76,52,57,75,35,50,46
sandaconda,Galar,ground,None,38,655,72,107,125,65,70,71
cramorant,Galar,flying,water,8,180,70,85,55,85,95,85
arrokuda,Galar,water,None,5,10,41,63,40,40,30,66
barraskewda,Galar,water,None,13,300,61,123,60,60,50,136
toxel,Galar,electric,poison,4,110,40,38,35,54,35,40
toxtricity-amped,Galar,electric,poison,16,400,75,98,70,114,70,75
sizzlipede,Galar,fire,bug,7,10,50,65,45,50,50,45
centiskorch,Galar,fire,bug,30,1200,100,115,65,90,90,65
clobbopus,Galar,fighting,None,6,40,50,68,60,50,50,32
grapploct,Galar,fighting,None,16,390,80,118,90,70,80,42
sinistea,Galar,ghost,None,1,2,40,45,45,74,54,50
polteageist,Galar,ghost,None,2,4,60,65,65,134,114,70
hatenna,Galar,psychic,None,4,34,42,30,45,56,53,39
hattrem,Galar,psychic,None,6,48,57,40,65,86,73,49
hatterene,Galar,psychic,fairy,21,51,57,90,95,136,103,29
impidimp,Galar,dark,fairy,4,55,45,45,30,55,40,50
morgrem,Galar,dark,fairy,8,125,65,60,45,75,55,70
grimmsnarl,Galar,dark,fairy,15,610,95,120,65,95,75,60
obstagoon,Galar,dark,normal,16,460,93,90,101,60,81,95
perrserker,Galar,steel,None,8,280,70,110,100,50,60,50
cursola,Galar,ghost,None,10,4,60,95,50,145,130,30
sirfetchd,Galar,fighting,None,8,1170,62,135,95,68,82,65
mr-rime,Galar,ice,psychic,15,582,80,85,75,110,100,70
runerigus,Galar,ground,ghost,16,666,58,95,145,50,105,30
milcery,Galar,fairy,None,2,3,45,40,40,50,61,34
alcremie,Galar,fairy,None,3,5,65,60,75,110,121,64
falinks,Galar,fighting,None,30,620,65,100,100,70,60,75
pincurchin,Galar,electric,None,3,10,48,101,95,91,85,15
snom,Galar,ice,bug,3,38,30,25,35,45,30,20
frosmoth,Galar,ice,bug,13,420,70,65,60,125,90,65
stonjourner,Galar,rock,None,25,5200,100,125,135,20,20,70
eiscue-ice,Galar,ice,None,14,890,75,80,110,65,90,50
indeedee-male,Galar,psychic,normal,9,280,60,65,55,105,95,95
morpeko-full-belly,Galar,electric,dark,3,30,58,95,58,70,58,97
cufant,Galar,steel,None,12,1000,72,80,49,40,49,40
copperajah,Galar,steel,None,30,6500,122,130,69,80,69,30
dracozolt,Galar,electric,dragon,18,1900,90,100,90,80,70,75
arctozolt,Galar,electric,ice,23,1500,90,100,90,90,80,55
dracovish,Galar,water,dragon,23,2150,90,90,100,70,80,75
arctovish,Galar,water,ice,20,1750,90,90,100,80,90,55
duraludon,Galar,steel,dragon,18,400,70,95,115,120,50,85
dreepy,Galar,dragon,ghost,5,20,28,60,30,40,30,82
drakloak,Galar,dragon,ghost,14,110,68,80,50,60,50,102
dragapult,Galar,dragon,ghost,30,500,88,120,75,100,75,142
zacian,Galar,fairy,None,28,1100,92,120,115,80,115,138
zamazenta,Galar,fighting,None,29,2100,92,120,115,80,115,138
eternatus,Galar,poison,dragon,200,9500,140,85,95,145,95,130
kubfu,Galar,fighting,None,6,120,60,90,60,53,50,72
urshifu-single-strike,Galar,fighting,dark,19,1050,100,130,100,63,60,97
zarude,Galar,dark,grass,18,700,105,120,105,70,95,105
regieleki,Galar,electric,None,12,1450,80,100,50,100,50,200
regidrago,Galar,dragon,None,21,2000,200,100,50,100,50,80
glastrier,Galar,ice,None,22,8000,100,145,130,65,110,30
spectrier,Galar,ghost,None,20,445,100,65,60,145,80,130
calyrex,Galar,psychic,grass,11,77,100,80,80,80,80,80
wyrdeer,Galar,normal,psychic,18,951,103,105,72,105,75,65
kleavor,Galar,bug,rock,18,890,70,135,95,45,70,85
ursaluna,Galar,ground,normal,24,2900,130,140,105,45,80,50
basculegion-male,Galar,water,ghost,30,1100,120,112,65,80,75,78
sneasler,Galar,fighting,poison,13,430,80,130,60,40,80,120
overqwil,Galar,dark,poison,25,605,85,115,95,65,65,85
enamorus-incarnate,Galar,fairy,flying,16,480,74,115,70,135,80,106
sprigatito,Paldea,grass,None,4,41,40,61,54,45,45,65
floragato,Paldea,grass,None,9,122,61,80,63,60,63,83
meowscarada,Paldea,grass,dark,15,312,76,110,70,81,70,123
fuecoco,Paldea,fire,None,4,98,67,45,59,63,40,36
crocalor,Paldea,fire,None,10,307,81,55,78,90,58,49
skeledirge,Paldea,fire,ghost,16,3265,104,75,100,110,75,66
quaxly,Paldea,water,None,5,61,55,65,45,50,45,50
quaxwell,Paldea,water,None,12,215,70,85,65,65,60,65
quaquaval,Paldea,water,fighting,18,619,85,120,80,85,75,85
lechonk,Paldea,normal,None,5,102,54,45,40,35,45,35
oinkologne-male,Paldea,normal,None,10,1200,110,100,75,59,80,65
tarountula,Paldea,bug,None,3,40,35,41,45,29,40,20
spidops,Paldea,bug,None,10,165,60,79,92,52,86,35
nymble,Paldea,bug,None,2,10,33,46,40,21,25,45
lokix,Paldea,bug,dark,10,175,71,102,78,52,55,92
pawmi,Paldea,electric,None,3,25,45,50,20,40,25,60
pawmo,Paldea,electric,fighting,4,65,60,75,40,50,40,85
pawmot,Paldea,electric,fighting,9,410,70,115,70,70,60,105
tandemaus,Paldea,normal,None,3,18,50,50,45,40,45,75
maushold-family-of-four,Paldea,normal,None,3,23,74,75,70,65,75,111
fidough,Paldea,fairy,None,3,109,37,55,70,30,55,65
dachsbun,Paldea,fairy,None,5,149,57,80,115,50,80,95
smoliv,Paldea,grass,normal,3,65,41,35,45,58,51,30
dolliv,Paldea,grass,normal,6,119,52,53,60,78,78,33
arboliva,Paldea,grass,normal,14,482,78,69,90,125,109,39
squawkabilly-green-plumage,Paldea,normal,flying,6,24,82,96,51,45,51,92
nacli,Paldea,rock,None,4,160,55,55,75,35,35,25
naclstack,Paldea,rock,None,6,1050,60,60,100,35,65,35
garganacl,Paldea,rock,None,23,2400,100,100,130,45,90,35
charcadet,Paldea,fire,None,6,105,40,50,40,50,40,35
armarouge,Paldea,fire,psychic,15,850,85,60,100,125,80,75
ceruledge,Paldea,fire,ghost,16,620,75,125,80,60,100,85
tadbulb,Paldea,electric,None,3,4,61,31,41,59,35,45
bellibolt,Paldea,electric,None,12,1130,109,64,91,103,83,45
wattrel,Paldea,electric,flying,4,36,40,40,35,55,40,70
kilowattrel,Paldea,electric,flying,14,386,70,70,60,105,60,125
maschiff,Paldea,dark,None,5,160,60,78,60,40,51,51
mabosstiff,Paldea,dark,None,11,610,80,120,90,60,70,85
shroodle,Paldea,poison,normal,2,7,40,65,35,40,35,75
grafaiai,Paldea,poison,normal,7,272,63,95,65,80,72,110
bramblin,Paldea,grass,ghost,6,6,40,65,30,45,35,60
brambleghast,Paldea,grass,ghost,12,60,55,115,70,80,70,90
toedscool,Paldea,ground,grass,9,330,40,40,35,50,100,70
toedscruel,Paldea,ground,grass,19,580,80,70,65,80,120,100
klawf,Paldea,rock,None,13,790,70,100,115,35,55,75
capsakid,Paldea,grass,None,3,30,50,62,40,62,40,50
scovillain,Paldea,grass,fire,9,150,65,108,65,108,65,75
rellor,Paldea,bug,None,2,10,41,50,60,31,58,30
rabsca,Paldea,bug,psychic,3,35,75,50,85,115,100,45
flittle,Paldea,psychic,None,2,15,30,35,30,55,30,75
espathra,Paldea,psychic,None,19,900,95,60,60,101,60,105
tinkatink,Paldea,fairy,steel,4,89,50,45,45,35,64,58
tinkatuff,Paldea,fairy,steel,7,591,65,55,55,45,82,78
tinkaton,Paldea,fairy,steel,7,1128,85,75,77,70,105,94
wiglett,Paldea,water,None,12,18,10,55,25,35,25,95
wugtrio,Paldea,water,None,12,54,35,100,50,50,70,120
bombirdier,Paldea,flying,dark,15,429,70,103,85,60,85,82
finizen,Paldea,water,None,13,602,70,45,40,45,40,75
palafin-zero,Paldea,water,None,13,602,100,70,72,53,62,100
varoom,Paldea,steel,poison,10,350,45,70,63,30,45,47
revavroom,Paldea,steel,poison,18,1200,80,119,90,54,67,90
cyclizar,Paldea,dragon,normal,16,630,70,95,65,85,65,121
orthworm,Paldea,steel,None,25,3100,70,85,145,60,55,65
glimmet,Paldea,rock,poison,7,80,48,35,42,105,60,60
glimmora,Paldea,rock,poison,15,450,83,55,90,130,81,86
greavard,Paldea,ghost,None,6,350,50,61,60,30,55,34
houndstone,Paldea,ghost,None,20,150,72,101,100,50,97,68
flamigo,Paldea,flying,fighting,16,370,82,115,74,75,64,90
cetoddle,Paldea,ice,None,12,450,108,68,45,30,40,43
cetitan,Paldea,ice,None,45,7000,170,113,65,45,55,73
veluza,Paldea,water,psychic,25,900,90,102,73,78,65,70
dondozo,Paldea,water,None,120,2200,150,100,115,65,65,35
tatsugiri-curly,Paldea,dragon,water,3,80,68,50,60,120,95,82
annihilape,Paldea,fighting,ghost,12,560,110,115,80,50,90,90
clodsire,Paldea,poison,ground,18,2230,130,75,60,45,100,20
farigiraf,Paldea,normal,psychic,32,1600,120,90,70,110,70,60
dudunsparce-two-segment,Paldea,normal,None,36,392,125,100,80,85,75,55
kingambit,Paldea,dark,steel,20,1200,100,135,120,60,85,50
great-tusk,Paldea,ground,fighting,22,3200,115,131,131,53,53,87
scream-tail,Paldea,fairy,psychic,12,80,115,65,99,65,115,111
brute-bonnet,Paldea,grass,dark,12,210,111,127,99,79,99,55
flutter-mane,Paldea,ghost,fairy,14,40,55,55,55,135,135,135
slither-wing,Paldea,bug,fighting,32,920,85,135,79,85,105,81
sandy-shocks,Paldea,electric,ground,23,600,85,81,97,121,85,101
iron-treads,Paldea,ground,steel,9,2400,90,112,120,72,70,106
iron-bundle,Paldea,ice,water,6,110,56,80,114,124,60,136
iron-hands,Paldea,fighting,electric,18,3807,154,140,108,50,68,50
iron-jugulis,Paldea,dark,flying,13,1110,94,80,86,122,80,108
iron-moth,Paldea,fire,poison,12,360,80,70,60,140,110,110
iron-thorns,Paldea,rock,electric,16,3030,100,134,110,70,84,72
frigibax,Paldea,dragon,ice,5,170,65,75,45,35,45,55
arctibax,Paldea,dragon,ice,8,300,90,95,66,45,65,62
baxcalibur,Paldea,dragon,ice,21,2100,115,145,92,75,86,87
gimmighoul,Paldea,ghost,None,3,50,45,30,70,75,70,10
gholdengo,Paldea,steel,ghost,12,300,87,60,95,133,91,84
wo-chien,Paldea,dark,grass,15,742,85,85,100,95,135,70
chien-pao,Paldea,dark,ice,19,1522,80,120,80,90,65,135
ting-lu,Paldea,dark,ground,27,6997,155,110,125,55,80,45
chi-yu,Paldea,dark,fire,4,49,55,80,80,135,120,100
roaring-moon,Paldea,dragon,dark,20,3800,105,139,71,55,101,119
iron-valiant,Paldea,fairy,fighting,14,350,74,130,90,120,60,116
koraidon,Paldea,fighting,dragon,25,3030,100,135,115,85,100,135
miraidon,Paldea,electric,dragon,35,2400,100,85,100,135,115,135
walking-wake,Paldea,water,dragon,35,2800,99,83,91,125,83,109
iron-leaves,Paldea,grass,psychic,15,1250,90,130,88,70,108,104
dipplin,Paldea,grass,dragon,4,97,80,80,110,95,80,40
poltchageist,Paldea,grass,ghost,1,11,40,45,45,74,54,50
sinistcha,Paldea,grass,ghost,2,22,71,60,106,121,80,70
okidogi,Paldea,poison,fighting,18,922,88,128,115,58,86,80
munkidori,Paldea,poison,psychic,10,122,88,75,66,130,90,106
fezandipiti,Paldea,poison,fairy,14,301,88,91,82,70,125,99
ogerpon,Paldea,grass,None,12,398,80,120,84,60,96,110
archaludon,Paldea,steel,dragon,20,600,90,105,130,125,65,85
hydrapple,Paldea,grass,dragon,18,930,106,80,110,120,80,44
gouging-fire,Paldea,fire,dragon,35,5900,105,115,121,65,93,91
raging-bolt,Paldea,electric,dragon,52,4800,125,73,91,137,89,75
iron-boulder,Paldea,rock,psychic,15,1625,90,120,80,68,108,124
iron-crown,Paldea,steel,psychic,16,1560,90,72,100,122,108,98
terapagos,Paldea,normal,None,2,65,90,65,85,65,85,60
pecharunt,Paldea,poison,ghost,3,3,88,88,160,88,88,88
deoxys-attack,Paldea,psychic,None,17,608,50,180,20,180,20,150
deoxys-defense,Paldea,psychic,None,17,608,50,70,160,70,160,90
deoxys-speed,Paldea,psychic,None,17,608,50,95,90,95,90,180
wormadam-sandy,Paldea,bug,ground,5,65,60,79,105,59,85,36
wormadam-trash,Paldea,bug,steel,5,65,60,69,95,69,95,36
shaymin-sky,Paldea,grass,flying,4,52,100,103,75,120,75,127
giratina-origin,Paldea,ghost,dragon,69,6500,150,120,100,120,100,90
rotom-heat,Paldea,electric,fire,3,3,50,65,107,105,107,86
rotom-wash,Paldea,electric,water,3,3,50,65,107,105,107,86
rotom-frost,Paldea,electric,ice,3,3,50,65,107,105,107,86
rotom-fan,Paldea,electric,flying,3,3,50,65,107,105,107,86
rotom-mow,Paldea,electric,grass,3,3,50,65,107,105,107,86
castform-sunny,Paldea,fire,None,3,8,70,70,70,70,70,70
castform-rainy,Paldea,water,None,3,8,70,70,70,70,70,70
castform-snowy,Paldea,ice,None,3,8,70,70,70,70,70,70
basculin-blue-striped,Paldea,water,None,10,180,70,92,65,80,55,98
darmanitan-zen,Paldea,fire,psychic,13,929,105,30,105,140,105,55
meloetta-pirouette,Paldea,normal,fighting,6,65,100,128,90,77,77,128
tornadus-therian,Paldea,flying,None,14,630,79,100,80,110,90,121
thundurus-therian,Paldea,electric,flying,30,610,79,105,70,145,80,101
landorus-therian,Paldea,ground,flying,13,680,89,145,90,105,80,91
kyurem-black,Paldea,dragon,ice,33,3250,125,170,100,120,90,95
kyurem-white,Paldea,dragon,ice,36,3250,125,120,90,170,100,95
keldeo-resolute,Paldea,water,fighting,14,485,91,72,90,129,90,108
meowstic-female,Paldea,psychic,None,6,85,74,48,76,83,81,104
aegislash-blade,Paldea,steel,ghost,17,530,60,140,50,140,50,60
pumpkaboo-small,Paldea,ghost,grass,3,35,44,66,70,44,55,56
pumpkaboo-large,Paldea,ghost,grass,5,75,54,66,70,44,55,46
pumpkaboo-super,Paldea,ghost,grass,8,150,59,66,70,44,55,41
gourgeist-small,Paldea,ghost,grass,7,95,55,85,122,58,75,99
gourgeist-large,Paldea,ghost,grass,11,140,75,95,122,58,75,69
gourgeist-super,Paldea,ghost,grass,17,390,85,100,122,58,75,54
venusaur-mega,Paldea,grass,poison,24,1555,80,100,123,122,120,80
charizard-mega-x,Paldea,fire,dragon,17,1105,78,130,111,130,85,100
charizard-mega-y,Paldea,fire,flying,17,1005,78,104,78,159,115,100
blastoise-mega,Paldea,water,None,16,1011,79,103,120,135,115,78
alakazam-mega,Paldea,psychic,None,12,480,55,50,65,175,105,150
gengar-mega,Paldea,ghost,poison,14,405,60,65,80,170,95,130
kangaskhan-mega,Paldea,normal,None,22,1000,105,125,100,60,100,100
pinsir-mega,Paldea,bug,flying,17,590,65,155,120,65,90,105
gyarados-mega,Paldea,water,dark,65,3050,95,155,109,70,130,81
aerodactyl-mega,Paldea,rock,flying,21,790,80,135,85,70,95,150
mewtwo-mega-x,Paldea,psychic,fighting,23,1270,106,190,100,154,100,130
mewtwo-mega-y,Paldea,psychic,None,15,330,106,150,70,194,120,140
ampharos-mega,Paldea,electric,dragon,14,615,90,95,105,165,110,45
scizor-mega,Paldea,bug,steel,20,1250,70,150,140,65,100,75
heracross-mega,Paldea,bug,fighting,17,625,80,185,115,40,105,75
houndoom-mega,Paldea,dark,fire,19,495,75,90,90,140,90,115
tyranitar-mega,Paldea,rock,dark,25,2550,100,164,150,95,120,71
blaziken-mega,Paldea,fire,fighting,19,520,80,160,80,130,80,100
gardevoir-mega,Paldea,psychic,fairy,16,484,68,85,65,165,135,100
mawile-mega,Paldea,steel,fairy,10,235,50,105,125,55,95,50
aggron-mega,Paldea,steel,None,22,3950,70,140,230,60,80,50
medicham-mega,Paldea,fighting,psychic,13,315,60,100,85,80,85,100
manectric-mega,Paldea,electric,None,18,440,70,75,80,135,80,135
banette-mega,Paldea,ghost,None,12,130,64,165,75,93,83,75
absol-mega,Paldea,dark,None,12,490,65,150,60,115,60,115
garchomp-mega,Paldea,dragon,ground,19,950,108,170,115,120,95,92
lucario-mega,Paldea,fighting,steel,13,575,70,145,88,140,70,112
abomasnow-mega,Paldea,grass,ice,27,1850,90,132,105,132,105,30
floette-eternal,Paldea,fairy,None,2,9,74,65,67,125,128,92
latias-mega,Paldea,dragon,psychic,18,520,80,100,120,140,150,110
latios-mega,Paldea,dragon,psychic,23,700,80,130,100,160,120,110
swampert-mega,Paldea,water,ground,19,1020,100,150,110,95,110,70
sceptile-mega,Paldea,grass,dragon,19,552,70,110,75,145,85,145
sableye-mega,Paldea,dark,ghost,5,1610,50,85,125,85,115,20
altaria-mega,Paldea,dragon,fairy,15,206,75,110,110,110,105,80
gallade-mega,Paldea,psychic,fighting,16,564,68,165,95,65,115,110
audino-mega,Paldea,normal,fairy,15,320,103,60,126,80,126,50
sharpedo-mega,Paldea,water,dark,25,1303,70,140,70,110,65,105
slowbro-mega,Paldea,water,psychic,20,1200,95,75,180,130,80,30
steelix-mega,Paldea,steel,ground,105,7400,75,125,230,55,95,30
pidgeot-mega,Paldea,normal,flying,22,505,83,80,80,135,80,121
glalie-mega,Paldea,ice,None,21,3502,80,120,80,120,80,100
diancie-mega,Paldea,rock,fairy,11,278,50,160,110,160,110,110
metagross-mega,Paldea,steel,psychic,25,9429,80,145,150,105,110,110
kyogre-primal,Paldea,water,None,98,4300,100,150,90,180,160,90
groudon-primal,Paldea,ground,fire,50,9997,100,180,160,150,90,90
rayquaza-mega,Paldea,dragon,flying,108,3920,105,180,100,180,100,115
pikachu-rock-star,Paldea,electric,None,4,60,35,55,40,50,50,90
pikachu-belle,Paldea,electric,None,4,60,35,55,40,50,50,90
pikachu-pop-star,Paldea,electric,None,4,60,35,55,40,50,50,90
pikachu-phd,Paldea,electric,None,4,60,35,55,40,50,50,90
pikachu-libre,Paldea,electric,None,4,60,35,55,40,50,50,90
pikachu-cosplay,Paldea,electric,None,4,60,35,55,40,50,50,90
hoopa-unbound,Paldea,psychic,dark,65,4900,80,160,60,170,130,80
camerupt-mega,Paldea,fire,ground,25,3205,70,120,100,145,105,20
lopunny-mega,Paldea,normal,fighting,13,283,65,136,94,54,96,135
salamence-mega,Paldea,dragon,flying,18,1126,95,145,130,120,90,120
beedrill-mega,Paldea,bug,poison,14,405,65,150,40,15,80,145
rattata-alola,Paldea,dark,normal,3,38,30,56,35,25,35,72
raticate-alola,Paldea,dark,normal,7,255,75,71,70,40,80,77
raticate-totem-alola,Paldea,dark,normal,14,1050,75,71,70,40,80,77
pikachu-original-cap,Paldea,electric,None,4,60,35,55,40,50,50,90
pikachu-hoenn-cap,Paldea,electric,None,4,60,35,55,40,50,50,90
pikachu-sinnoh-cap,Paldea,electric,None,4,60,35,55,40,50,50,90
pikachu-unova-cap,Paldea,electric,None,4,60,35,55,40,50,50,90
pikachu-kalos-cap,Paldea,electric,None,4,60,35,55,40,50,50,90
pikachu-alola-cap,Paldea,electric,None,4,60,35,55,40,50,50,90
raichu-alola,Paldea,electric,psychic,7,210,60,85,50,95,85,110
sandshrew-alola,Paldea,ice,steel,7,400,50,75,90,10,35,40
sandslash-alola,Paldea,ice,steel,12,550,75,100,120,25,65,65
vulpix-alola,Paldea,ice,None,6,99,38,41,40,50,65,65
ninetales-alola,Paldea,ice,fairy,11,199,73,67,75,81,100,109
diglett-alola,Paldea,ground,steel,2,10,10,55,30,35,45,90
dugtrio-alola,Paldea,ground,steel,7,666,35,100,60,50,70,110
meowth-alola,Paldea,dark,None,4,42,40,35,35,50,40,90
persian-alola,Paldea,dark,None,11,330,65,60,60,75,65,115
geodude-alola,Paldea,rock,electric,4,203,40,80,100,30,30,20
graveler-alola,Paldea,rock,electric,10,1100,55,95,115,45,45,35
golem-alola,Paldea,rock,electric,17,3160,80,120,130,55,65,45
grimer-alola,Paldea,poison,dark,7,420,80,80,50,40,50,25
muk-alola,Paldea,poison,dark,10,520,105,105,75,65,100,50
exeggutor-alola,Paldea,grass,dragon,109,4156,95,105,85,125,75,45
marowak-alola,Paldea,fire,ghost,10,340,60,80,110,50,80,45
greninja-battle-bond,Paldea,water,dark,15,400,72,95,67,103,71,122
greninja-ash,Paldea,water,dark,15,400,72,145,67,153,71,132
zygarde-10-power-construct,Paldea,dragon,ground,12,335,54,100,71,61,85,115
zygarde-50-power-construct,Paldea,dragon,ground,50,3050,108,100,121,81,95,95
zygarde-complete,Paldea,dragon,ground,45,6100,216,100,121,91,95,85
gumshoos-totem,Paldea,normal,None,14,600,88,110,60,55,60,45
vikavolt-totem,Paldea,bug,electric,26,1475,77,70,90,145,75,43
oricorio-pom-pom,Paldea,electric,flying,6,34,75,70,70,98,70,93
oricorio-pau,Paldea,psychic,flying,6,34,75,70,70,98,70,93
oricorio-sensu,Paldea,ghost,flying,6,34,75,70,70,98,70,93
lycanroc-midnight,Paldea,rock,None,11,250,85,115,75,55,75,82
wishiwashi-school,Paldea,water,None,82,786,45,140,130,140,135,30
lurantis-totem,Paldea,grass,None,15,580,70,105,90,80,90,45
salazzle-totem,Paldea,poison,fire,21,810,68,64,60,111,60,117
minior-orange-meteor,Paldea,rock,flying,3,400,60,60,100,60,100,60
minior-yellow-meteor,Paldea,rock,flying,3,400,60,60,100,60,100,60
minior-green-meteor,Paldea,rock,flying,3,400,60,60,100,60,100,60
minior-blue-meteor,Paldea,rock,flying,3,400,60,60,100,60,100,60
minior-indigo-meteor,Paldea,rock,flying,3,400,60,60,100,60,100,60
minior-violet-meteor,Paldea,rock,flying,3,400,60,60,100,60,100,60
minior-red,Paldea,rock,flying,3,3,60,100,60,100,60,120
minior-orange,Paldea,rock,flying,3,3,60,100,60,100,60,120
minior-yellow,Paldea,rock,flying,3,3,60,100,60,100,60,120
minior-green,Paldea,rock,flying,3,3,60,100,60,100,60,120
minior-blue,Paldea,rock,flying,3,3,60,100,60,100,60,120
minior-indigo,Paldea,rock,flying,3,3,60,100,60,100,60,120
minior-violet,Paldea,rock,flying,3,3,60,100,60,100,60,120
mimikyu-busted,Paldea,ghost,fairy,2,7,55,90,80,50,105,96
mimikyu-totem-disguised,Paldea,ghost,fairy,4,28,55,90,80,50,105,96
mimikyu-totem-busted,Paldea,ghost,fairy,4,28,55,90,80,50,105,96
kommo-o-totem,Paldea,dragon,fighting,24,2075,75,110,125,100,105,85
magearna-original,Paldea,steel,fairy,10,805,80,95,115,130,115,65
pikachu-partner-cap,Paldea,electric,None,4,60,35,55,40,50,50,90
marowak-totem,Paldea,fire,ghost,17,980,60,80,110,50,80,45
ribombee-totem,Paldea,bug,fairy,4,20,60,55,60,95,70,124
rockruff-own-tempo,Paldea,rock,None,5,92,45,65,40,30,40,60
lycanroc-dusk,Paldea,rock,None,8,250,75,117,65,55,65,110
araquanid-totem,Paldea,water,bug,31,2175,68,70,92,50,132,42
togedemaru-totem,Paldea,electric,steel,6,130,65,98,63,40,73,96
necrozma-dusk,Paldea,psychic,steel,38,4600,97,157,127,113,109,77
necrozma-dawn,Paldea,psychic,ghost,42,3500,97,113,109,157,127,77
necrozma-ultra,Paldea,psychic,dragon,75,2300,97,167,97,167,97,129
pikachu-starter,Paldea,electric,None,4,60,45,80,50,75,60,120
eevee-starter,Paldea,normal,None,3,65,65,75,70,65,85,75
pikachu-world-cap,Paldea,electric,None,4,60,35,55,40,50,50,90
meowth-galar,Paldea,steel,None,4,75,50,65,55,40,40,40
ponyta-galar,Paldea,psychic,None,8,240,50,85,55,65,65,90
rapidash-galar,Paldea,psychic,fairy,17,800,65,100,70,80,80,105
slowpoke-galar,Paldea,psychic,None,12,360,90,65,65,40,40,15
slowbro-galar,Paldea,poison,psychic,16,705,95,100,95,100,70,30
farfetchd-galar,Paldea,fighting,None,8,420,52,95,55,58,62,55
weezing-galar,Paldea,poison,fairy,30,160,65,90,120,85,70,60
mr-mime-galar,Paldea,ice,psychic,14,568,50,65,65,90,90,100
articuno-galar,Paldea,psychic,flying,17,509,90,85,85,125,100,95
zapdos-galar,Paldea,fighting,flying,16,582,90,125,90,85,90,100
moltres-galar,Paldea,dark,flying,20,660,90,85,90,100,125,90
slowking-galar,Paldea,poison,psychic,18,795,95,65,80,110,110,30
corsola-galar,Paldea,ghost,None,6,5,60,55,100,65,100,30
zigzagoon-galar,Paldea,dark,normal,4,175,38,30,41,30,41,60
linoone-galar,Paldea,dark,normal,5,325,78,70,61,50,61,100
darumaka-galar,Paldea,ice,None,7,400,70,90,45,15,45,50
darmanitan-galar-standard,Paldea,ice,None,17,1200,105,140,55,30,55,95
darmanitan-galar-zen,Paldea,ice,fire,17,1200,105,160,55,30,55,135
yamask-galar,Paldea,ground,ghost,5,15,38,55,85,30,65,30
stunfisk-galar,Paldea,ground,steel,7,205,109,81,99,66,84,32
zygarde-10,Paldea,dragon,ground,12,335,54,100,71,61,85,115
cramorant-gulping,Paldea,flying,water,8,180,70,85,55,85,95,85
cramorant-gorging,Paldea,flying,water,8,180,70,85,55,85,95,85
toxtricity-low-key,Paldea,electric,poison,16,400,75,98,70,114,70,75
eiscue-noice,Paldea,ice,None,14,890,75,80,70,65,50,130
indeedee-female,Paldea,psychic,normal,9,280,70,55,65,95,105,85
morpeko-hangry,Paldea,electric,dark,3,30,58,95,58,70,58,97
zacian-crowned,Paldea,fairy,steel,28,3550,92,150,115,80,115,148
zamazenta-crowned,Paldea,fighting,steel,29,7850,92,120,140,80,140,128
eternatus-eternamax,Paldea,poison,dragon,1000,0,255,115,250,125,250,130
urshifu-rapid-strike,Paldea,fighting,water,19,1050,100,130,100,63,60,97
zarude-dada,Paldea,dark,grass,18,700,105,120,105,70,95,105
calyrex-ice,Paldea,psychic,ice,24,8091,100,165,150,85,130,50
calyrex-shadow,Paldea,psychic,ghost,24,536,100,85,80,165,100,150
venusaur-gmax,Paldea,grass,poison,240,10000,80,82,83,100,100,80
charizard-gmax,Paldea,fire,flying,280,10000,78,84,78,109,85,100
blastoise-gmax,Paldea,water,None,250,10000,79,83,100,85,105,78
butterfree-gmax,Paldea,bug,flying,170,10000,60,45,50,90,80,70
pikachu-gmax,Paldea,electric,None,210,10000,35,55,40,50,50,90
meowth-gmax,Paldea,normal,None,330,10000,40,45,35,40,40,90
machamp-gmax,Paldea,fighting,None,250,10000,90,130,80,65,85,55
gengar-gmax,Paldea,ghost,poison,200,10000,60,65,60,130,75,110
kingler-gmax,Paldea,water,None,190,10000,55,130,115,50,50,75
lapras-gmax,Paldea,water,ice,240,10000,130,85,80,85,95,60
eevee-gmax,Paldea,normal,None,180,10000,55,55,50,45,65,55
snorlax-gmax,Paldea,normal,None,350,10000,160,110,65,65,110,30
garbodor-gmax,Paldea,poison,None,210,10000,80,95,82,60,82,75
melmetal-gmax,Paldea,steel,None,250,10000,135,143,143,80,65,34
rillaboom-gmax,Paldea,grass,None,280,10000,100,125,90,60,70,85
cinderace-gmax,Paldea,fire,None,270,10000,80,116,75,65,75,119
inteleon-gmax,Paldea,water,None,400,10000,70,85,65,125,65,120
corviknight-gmax,Paldea,flying,steel,140,10000,98,87,105,53,85,67
orbeetle-gmax,Paldea,bug,psychic,140,10000,60,45,110,80,120,90
drednaw-gmax,Paldea,water,rock,240,10000,90,115,90,48,68,74
coalossal-gmax,Paldea,rock,fire,420,10000,110,80,120,80,90,30
flapple-gmax,Paldea,grass,dragon,240,10000,70,110,80,95,60,70
appletun-gmax,Paldea,grass,dragon,240,10000,110,85,80,100,80,30
sandaconda-gmax,Paldea,ground,None,220,10000,72,107,125,65,70,71
toxtricity-amped-gmax,Paldea,electric,poison,240,10000,75,98,70,114,70,75
centiskorch-gmax,Paldea,fire,bug,750,10000,100,115,65,90,90,65
hatterene-gmax,Paldea,psychic,fairy,260,10000,57,90,95,136,103,29
grimmsnarl-gmax,Paldea,dark,fairy,320,10000,95,120,65,95,75,60
alcremie-gmax,Paldea,fairy,None,300,10000,65,60,75,110,121,64
copperajah-gmax,Paldea,steel,None,230,10000,122,130,69,80,69,30
duraludon-gmax,Paldea,steel,dragon,430,10000,70,95,115,120,50,85
urshifu-single-strike-gmax,Paldea,fighting,dark,290,10000,100,130,100,63,60,97
urshifu-rapid-strike-gmax,Paldea,fighting,water,260,10000,100,130,100,63,60,97
toxtricity-low-key-gmax,Paldea,electric,poison,240,10000,75,98,70,114,70,75
growlithe-hisui,Paldea,fire,rock,8,227,60,75,45,65,50,55
arcanine-hisui,Paldea,fire,rock,20,1680,95,115,80,95,80,90
voltorb-hisui,Paldea,electric,grass,5,130,40,30,50,55,55,100
electrode-hisui,Paldea,electric,grass,12,710,60,50,70,80,80,150
typhlosion-hisui,Paldea,fire,ghost,16,698,73,84,78,119,85,95
qwilfish-hisui,Paldea,dark,poison,5,39,65,95,85,55,55,85
sneasel-hisui,Paldea,fighting,poison,9,270,55,95,55,35,75,115
samurott-hisui,Paldea,water,dark,15,582,90,108,80,100,65,85
lilligant-hisui,Paldea,grass,fighting,12,192,70,105,75,50,75,105
zorua-hisui,Paldea,normal,ghost,7,125,35,60,40,85,40,70
zoroark-hisui,Paldea,normal,ghost,16,730,55,100,60,125,60,110
braviary-hisui,Paldea,psychic,flying,17,434,110,83,70,112,70,65
sliggoo-hisui,Paldea,steel,dragon,7,685,58,75,83,83,113,40
goodra-hisui,Paldea,steel,dragon,17,3341,80,100,100,110,150,60
avalugg-hisui,Paldea,ice,rock,14,2624,95,127,184,34,36,38
decidueye-hisui,Paldea,grass,fighting,16,370,88,112,80,95,95,60
dialga-origin,Paldea,steel,dragon,70,8487,100,100,120,150,120,90
palkia-origin,Paldea,water,dragon,63,6590,90,100,100,150,120,120
basculin-white-striped,Paldea,water,None,10,180,70,92,65,80,55,98
basculegion-female,Paldea,water,ghost,30,1100,120,92,65,100,75,78
enamorus-therian,Paldea,fairy,flying,16,480,74,115,110,135,100,46
tauros-paldea-combat-breed,Paldea,fighting,None,14,1150,75,110,105,30,70,100
tauros-paldea-blaze-breed,Paldea,fighting,fire,14,850,75,110,105,30,70,100
tauros-paldea-aqua-breed,Paldea,fighting,water,14,1100,75,110,105,30,70,100
wooper-paldea,Paldea,poison,ground,4,110,55,45,45,25,25,15
oinkologne-female,Paldea,normal,None,10,1200,115,90,70,59,90,65
dudunsparce-three-segment,Paldea,normal,None,45,474,125,100,80,85,75,55
palafin-hero,Paldea,water,None,18,974,100,160,97,106,87,100
maushold-family-of-three,Paldea,normal,None,3,28,74,75,70,65,75,111
tatsugiri-droopy,Paldea,dragon,water,3,80,68,50,60,120,95,82
tatsugiri-stretchy,Paldea,dragon,water,3,80,68,50,60,120,95,82
squawkabilly-blue-plumage,Paldea,normal,flying,6,24,82,96,51,45,51,92
squawkabilly-yellow-plumage,Paldea,normal,flying,6,24,82,96,51,45,51,92
squawkabilly-white-plumage,Paldea,normal,flying,6,24,82,96,51,45,51,92
gimmighoul-roaming,Paldea,ghost,None,1,10,45,30,25,75,45,80
koraidon-limited-build,Paldea,fighting,dragon,35,3030,100,135,115,85,100,135
koraidon-sprinting-build,Paldea,fighting,dragon,35,3030,100,135,115,85,100,135
koraidon-swimming-build,Paldea,fighting,dragon,35,3030,100,135,115,85,100,135
koraidon-gliding-build,Paldea,fighting,dragon,35,3030,100,135,115,85,100,135
miraidon-low-power-mode,Paldea,electric,dragon,28,2400,100,85,100,135,115,135
miraidon-drive-mode,Paldea,electric,dragon,28,2400,100,85,100,135,115,135
miraidon-aquatic-mode,Paldea,electric,dragon,28,2400,100,85,100,135,115,135
miraidon-glide-mode,Paldea,electric,dragon,28,2400,100,85,100,135,115,135
ursaluna-bloodmoon,Paldea,ground,normal,24,2900,113,70,120,135,65,52
ogerpon-wellspring-mask,Paldea,grass,water,12,398,80,120,84,60,96,110
ogerpon-hearthflame-mask,Paldea,grass,fire,12,398,80,120,84,60,96,110
ogerpon-cornerstone-mask,Paldea,grass,rock,12,398,80,120,84,60,96,110
terapagos-terastal,Paldea,normal,None,3,160,95,95,110,105,110,85
terapagos-stellar,Paldea,normal,None,17,770,95,95,110,105,110,85
